Part,Jan-98,Feb-98,Mar-98,Apr-98,May-98,Jun-98,Jul-98,Aug-98,Sep-98,Oct-98,Nov-98,Dec-98,Jan-99,Feb-99,Mar-99,Apr-99,May-99,Jun-99,Jul-99,Aug-99,Sep-99,Oct-99,Nov-99,Dec-99,Jan-00,Feb-00,Mar-00,Apr-00,May-00,Jun-00,Jul-00,Aug-00,Sep-00,Oct-00,Nov-00,Dec-00,Jan-01,Feb-01,Mar-01,Apr-01,May-01,Jun-01,Jul-01,Aug-01,Sep-01,Oct-01,Nov-01,Dec-01,Jan-02,Feb-02,Mar-02
21051282,0,1,0,0,0,0,0,0,0,0,0,0,0,0,0,0,0,0,0,1,1,0,0,1,1,0,0,0,0,1,0,0,0,0,0,0,0,0,0,0,1,0,1,1,1,0,0,1,0,0,0
21054733,1,0,0,0,0,0,0,0,0,1,0,1,0,0,0,0,1,1,0,0,0,0,0,1,0,1,0,0,0,0,0,0,0,1,1,0,0,1,0,0,0,0,0,0,0,0,0,0,1,0,0
21056373,0,0,1,0,0,0,0,0,0,0,0,1,0,0,1,0,1,0,1,1,0,1,1,0,0,1,0,0,0,0,1,0,0,0,0,0,0,0,0,0,0,0,0,0,0,0,0,1,0,0,0
21036213,0,0,0,0,0,0,0,0,0,0,0,0,0,0,0,0,0,0,0,0,0,0,0,0,0,0,0,1,0,0,1,0,0,1,0,0,0,1,0,1,1,0,0,2,1,0,0,1,0,1,1
21060057,0,0,1,0,1,0,0,0,0,0,0,0,1,0,0,0,0,0,0,0,0,0,0,0,0,2,1,0,1,1,0,1,0,1,0,0,0,0,0,0,0,0,0,0,0,0,1,0,0,1,0
21063187,0,0,0,0,0,0,0,0,0,1,1,0,0,1,1,0,0,0,1,1,0,0,0,0,0,0,0,0,0,2,0,0,0,0,0,0,1,0,1,0,0,0,0,0,1,0,0,0,0,1,0
21068914,0,1,0,0,0,0,0,0,0,1,0,0,1,0,0,0,1,0,0,0,0,1,0,1,0,0,1,0,0,0,0,1,0,0,0,0,0,0,2,0,0,0,0,0,0,0,0,1,0,0,1
21086550,0,1,0,0,0,0,0,0,0,0,1,0,1,0,0,0,1,0,0,0,0,0,0,0,0,0,0,0,1,0,1,2,1,0,0,0,0,0,0,1,0,0,0,0,0,0,1,0,0,1,0
21012378,0,0,0,0,0,0,0,2,1,0,0,0,1,0,0,0,0,2,0,1,0,0,0,0,1,0,0,0,0,0,1,0,1,0,1,0,2,0,0,1,2,0,0,0,0,0,0,0,1,0,0
21016849,0,0,0,0,0,0,0,0,0,0,0,0,0,0,0,0,0,0,0,0,0,0,0,0,0,0,0,0,1,0,1,1,0,1,2,0,0,1,0,0,0,0,1,1,3,0,0,0,3,1,1
21022930,0,0,2,0,0,2,0,0,0,3,0,0,0,0,0,1,0,0,0,1,0,0,0,0,0,0,0,0,1,0,1,0,0,0,0,1,0,0,0,1,1,0,1,0,1,0,0,0,0,0,1
21031418,2,1,2,1,0,0,2,0,2,0,0,0,0,0,1,0,2,0,2,0,0,0,0,0,0,0,0,0,0,0,0,0,0,0,0,0,0,0,0,0,0,0,1,0,0,0,0,0,0,0,1
21032605,1,0,0,0,0,0,1,4,0,1,0,0,2,0,0,3,0,0,0,1,1,0,0,0,0,0,0,0,0,0,0,0,0,1,0,0,0,0,0,0,0,1,0,0,0,0,0,0,0,0,1
21034065,0,0,0,2,0,0,1,0,2,0,0,0,1,0,0,0,0,0,0,0,1,0,0,0,0,0,0,0,1,0,0,0,1,0,0,1,1,0,0,0,2,1,0,0,0,0,0,0,1,1,1
21036047,0,0,0,0,0,0,0,0,0,0,0,0,0,0,0,0,0,0,0,0,1,2,1,1,0,0,0,0,0,0,0,2,0,0,0,1,0,1,0,0,1,1,1,1,0,0,1,0,1,1,1
21046235,3,0,0,0,0,0,0,0,0,0,0,0,1,0,0,1,0,0,0,0,0,2,0,1,1,0,0,1,0,0,1,0,0,0,0,1,0,0,0,0,0,2,0,0,0,0,0,2,0,0,1
21048469,2,1,0,0,0,0,0,2,0,0,0,0,0,0,0,0,0,0,0,0,1,0,0,0,0,0,2,0,3,0,0,0,0,1,0,0,0,1,1,0,0,0,0,0,0,0,2,1,0,0,0
21048586,3,0,1,0,0,0,0,0,2,0,0,1,2,1,0,0,0,2,0,0,1,0,1,0,0,1,0,0,0,0,0,0,0,1,0,0,0,0,0,0,0,0,0,0,0,0,0,0,0,0,1
21049337,3,0,0,2,0,1,0,0,0,3,0,0,0,1,0,1,0,0,1,0,0,0,1,0,0,1,0,0,0,0,1,0,0,0,0,0,0,0,0,0,0,1,0,0,0,0,0,0,0,1,0
21052142,2,1,0,1,0,1,0,1,0,0,0,0,0,2,0,0,0,0,0,0,0,0,0,0,1,0,0,1,0,0,2,0,0,0,0,0,0,0,0,1,0,1,0,0,0,1,1,0,0,1,0
21052146,3,1,0,1,1,1,2,1,0,0,0,0,0,0,0,2,0,0,1,0,0,0,0,0,0,2,0,0,0,0,0,1,0,0,0,0,0,0,0,0,0,0,0,0,0,0,0,1,0,0,0
21052283,0,2,1,4,0,0,0,0,0,0,1,0,1,1,0,0,0,0,0,0,1,0,0,0,0,2,0,0,0,0,0,0,0,0,0,0,2,0,0,1,0,0,0,0,0,0,0,1,0,0,0
21054580,0,1,0,0,0,1,2,3,0,0,0,1,0,1,0,0,1,0,0,0,0,0,0,1,0,0,0,1,1,0,0,0,0,0,0,0,0,0,0,1,0,1,0,1,0,0,0,0,0,0,1
21056428,2,1,2,0,0,0,0,1,0,0,1,0,0,1,0,0,0,0,0,0,0,0,0,0,0,0,1,1,2,0,0,0,0,0,0,1,0,0,0,0,0,0,2,0,0,0,0,2,0,0,0
21056979,2,2,0,2,0,0,1,0,1,0,0,1,0,0,0,0,1,1,0,0,2,1,0,1,0,0,0,0,0,0,0,0,0,1,0,0,0,0,0,0,0,0,0,0,0,0,0,1,0,0,0
21066772,1,1,1,0,0,1,1,0,0,0,0,0,0,2,0,0,0,0,0,0,0,0,0,0,0,1,0,0,0,1,2,0,0,0,2,0,0,0,0,0,1,0,1,0,0,0,0,1,0,1,0
21072166,0,0,0,0,0,0,0,0,0,0,0,0,0,0,0,0,0,0,0,0,0,0,0,0,0,0,1,3,2,1,0,2,0,0,1,0,0,0,1,1,0,0,1,0,0,1,0,0,2,1,0
21091931,0,2,0,0,0,1,0,0,1,0,0,0,0,0,0,0,0,1,0,0,3,0,1,0,0,0,2,0,2,0,0,0,0,0,0,0,0,2,0,0,1,0,0,0,0,0,0,0,0,1,0
21122260,0,0,0,0,0,0,0,0,0,0,0,0,0,0,0,0,0,0,0,0,0,0,0,0,0,2,0,1,0,1,0,1,0,1,0,0,2,0,1,3,1,0,0,1,1,0,1,1,0,0,0
21135505,0,0,0,0,0,0,0,0,0,0,0,0,0,0,0,0,0,0,0,0,0,0,0,0,0,0,0,1,0,0,0,0,2,1,0,0,0,0,0,2,4,0,1,0,0,1,2,1,1,1,0
21312276,0,0,0,0,0,0,0,1,1,1,0,0,0,0,1,0,0,0,1,0,0,2,1,0,0,0,0,0,0,1,0,0,0,0,0,2,0,3,0,0,0,0,0,0,0,0,0,0,2,0,1
21312903,0,0,0,0,0,0,0,0,0,0,0,0,0,0,0,0,0,0,0,2,0,0,0,0,0,2,4,0,0,1,2,0,0,0,0,0,1,0,1,0,1,0,0,0,1,0,0,1,1,0,0
21314122,0,0,0,0,0,0,0,0,0,0,0,0,0,0,0,0,0,0,0,0,0,0,1,2,0,0,0,0,1,1,0,0,0,1,0,0,0,0,2,0,1,3,1,0,0,0,0,1,1,0,2
21314125,0,0,0,0,0,0,0,0,0,0,0,0,0,0,0,0,0,0,0,0,0,0,0,0,0,0,0,0,1,0,1,0,1,1,1,0,0,0,2,4,1,1,0,0,1,0,0,0,1,1,1
21314885,0,0,0,0,0,0,0,0,0,0,0,0,0,0,0,0,0,1,0,0,0,0,0,0,0,0,1,0,1,1,2,0,2,0,0,0,1,2,1,0,0,0,0,3,0,0,0,0,2,0,0
21315113,0,0,0,0,0,0,0,0,0,0,0,0,0,0,0,0,0,0,0,0,1,0,0,0,0,0,0,1,0,0,2,1,0,0,0,0,1,1,1,0,0,2,0,2,1,1,0,1,1,1,0
90451488,0,0,0,0,0,0,0,0,0,0,0,0,0,0,0,0,0,0,0,0,0,0,1,1,0,1,0,0,0,1,1,2,0,1,0,0,0,0,0,0,1,1,0,1,0,0,1,0,3,0,2
10251816,2,1,2,0,0,0,0,0,0,0,1,0,0,0,0,0,0,0,1,0,0,1,0,0,0,1,0,0,0,1,0,1,0,0,0,1,0,0,0,0,0,0,3,0,1,0,0,2,0,0,0
15383130,0,0,0,0,0,0,0,0,0,0,0,0,0,0,0,0,0,0,0,0,0,0,1,0,0,0,3,0,1,0,0,0,1,0,0,0,1,0,2,2,0,1,1,0,3,1,0,1,0,0,0
16218689,0,0,0,0,0,0,0,0,0,0,0,0,0,0,0,0,0,0,0,2,0,0,1,0,0,1,0,2,0,0,2,0,2,0,1,0,0,2,0,0,1,1,0,1,0,0,0,2,0,0,0
16535819,0,0,0,0,0,0,0,0,0,0,0,0,0,1,0,0,2,2,0,0,2,0,1,0,0,1,0,0,0,0,0,0,0,0,0,1,0,1,1,1,2,0,0,0,0,1,1,1,0,0,0
21019365,0,0,0,0,0,0,0,0,0,0,0,0,1,0,0,0,0,0,2,1,3,1,0,0,0,0,0,0,0,1,0,0,1,0,0,1,0,0,1,1,0,0,0,0,0,0,1,0,1,1,2
21029634,0,0,0,0,0,0,0,0,0,0,0,0,0,0,0,0,0,0,0,0,0,0,0,0,1,0,0,0,0,1,0,0,1,5,1,1,0,0,2,0,0,1,3,0,1,0,0,1,0,0,0
21029682,0,0,0,0,0,0,0,0,0,0,0,0,0,0,0,0,0,0,0,0,0,0,0,0,0,0,0,1,1,0,0,0,0,2,0,2,0,0,0,2,1,0,2,2,0,0,2,1,0,1,1
21030392,0,0,0,0,0,0,0,0,0,0,0,0,0,0,0,0,0,0,0,0,0,0,0,0,0,0,1,0,1,0,2,0,0,4,0,1,1,0,0,0,0,0,0,1,2,0,0,2,1,2,0
21031945,0,0,0,0,0,0,0,0,0,0,0,0,2,0,0,0,0,0,0,0,0,0,0,0,0,1,1,0,1,0,1,3,0,0,0,1,0,0,0,1,0,0,0,0,2,3,1,0,0,0,1
21032728,0,0,0,1,0,1,0,0,0,0,2,0,0,0,0,0,0,0,0,2,0,0,0,0,1,0,0,1,0,1,0,3,1,0,0,0,2,1,0,0,0,0,0,1,0,0,0,0,0,1,0
21049555,0,2,0,0,0,0,0,1,0,0,1,2,2,0,1,0,0,2,1,0,0,0,0,0,0,0,0,1,1,0,0,0,0,0,0,0,0,1,1,1,0,0,0,0,0,0,0,0,1,0,0
21053055,1,0,0,0,0,1,0,0,0,1,0,1,0,1,0,0,0,1,1,1,1,0,0,0,0,0,0,1,0,0,0,1,1,0,0,0,1,0,0,1,0,0,0,0,0,0,0,0,0,2,2
21053570,1,0,0,0,0,1,0,0,0,0,1,0,0,1,0,0,0,1,0,2,0,0,1,0,1,0,0,0,0,0,0,0,0,0,0,1,0,0,2,2,1,0,0,2,0,0,0,0,1,0,0
21054583,0,0,0,1,0,0,0,0,2,0,1,0,0,0,3,1,0,0,1,1,1,0,0,0,2,0,0,0,0,1,2,0,1,0,0,0,0,0,0,0,0,0,0,0,0,0,0,0,0,1,0
21055744,1,0,1,0,0,0,0,0,0,1,0,0,1,0,0,1,0,0,1,0,0,1,0,0,0,0,1,0,0,2,0,2,0,0,0,0,1,0,0,0,2,1,0,0,0,1,0,0,1,0,0
21056391,0,1,1,0,0,0,0,0,0,2,0,1,0,0,0,0,0,0,0,1,0,0,2,1,1,2,1,1,0,0,0,1,0,0,0,0,0,0,0,0,0,0,0,1,0,0,0,0,0,0,2
21056656,2,0,2,1,0,0,0,0,0,0,0,0,0,1,0,0,0,2,1,0,1,0,0,0,0,0,1,0,1,1,0,0,0,0,0,0,0,1,0,1,0,0,0,0,0,0,0,0,3,0,0
21057540,0,0,2,3,0,0,0,2,2,1,1,0,0,0,0,0,0,0,0,1,1,1,0,0,0,0,1,0,0,0,0,0,1,0,0,0,0,0,0,0,0,1,0,0,0,0,0,1,0,0,0
21061873,1,1,0,0,0,2,0,2,2,0,0,0,0,0,0,0,0,2,0,0,0,0,0,2,0,0,1,0,0,0,0,0,1,0,0,0,0,0,0,0,0,1,0,1,0,0,0,0,0,0,2
21063146,0,0,0,1,1,0,1,0,1,3,0,2,0,4,0,0,0,0,0,0,0,0,0,0,1,0,0,0,1,0,0,0,0,0,0,0,0,0,0,1,1,0,0,0,0,0,0,1,0,0,0
21064874,0,0,0,0,0,0,0,0,1,1,0,0,0,0,1,0,0,0,0,0,2,1,0,0,0,0,1,0,2,0,0,0,0,1,1,0,1,0,0,0,1,0,1,1,0,0,0,0,0,1,2
21067043,0,1,0,0,0,0,2,1,0,2,0,2,0,0,1,0,0,0,1,0,0,1,0,0,0,0,1,0,0,0,0,2,0,0,0,0,0,0,1,0,0,0,0,0,0,0,0,0,2,0,1
21068912,0,0,0,0,2,0,0,5,0,0,0,0,1,1,0,0,0,1,0,0,0,0,1,0,0,2,1,0,0,0,1,0,1,0,0,0,0,0,0,0,0,0,0,0,1,0,0,0,0,0,1
21069786,0,0,0,0,0,0,0,0,0,0,0,0,0,1,0,0,0,2,1,0,1,1,0,1,0,0,0,0,0,0,0,0,0,1,0,0,0,0,0,2,2,0,1,1,0,0,0,1,1,1,1
21091739,1,2,0,1,0,0,1,0,0,1,0,0,0,0,0,0,0,0,0,1,0,1,0,0,0,0,1,0,0,0,0,1,0,2,0,1,1,0,0,0,1,0,0,0,1,0,0,0,0,1,1
21107412,0,0,2,1,0,2,0,0,0,0,0,0,0,1,1,0,1,0,0,0,0,0,0,1,0,0,1,0,0,0,0,0,0,1,0,1,4,0,0,0,0,0,0,0,1,0,0,1,0,0,0
21109019,0,0,0,0,0,0,0,0,0,3,0,0,1,3,0,0,0,0,0,0,0,0,1,1,1,0,1,0,0,0,0,0,0,0,0,0,0,0,0,0,0,0,0,1,0,1,4,1,0,0,0
21182380,0,0,0,0,0,0,0,0,0,0,0,0,0,0,0,0,0,0,0,0,0,0,0,0,1,0,0,0,1,0,0,2,1,0,3,1,2,1,0,1,1,1,0,0,2,0,0,0,0,1,0
21311497,0,0,0,0,0,0,0,0,0,0,0,0,0,0,0,0,0,0,0,0,0,0,0,0,0,0,0,2,0,1,0,1,0,1,0,0,0,1,4,0,0,2,1,1,0,0,3,0,0,0,1
21312935,0,0,0,0,0,0,0,0,0,0,0,0,0,0,0,0,0,0,0,0,1,2,1,0,0,0,1,2,0,0,2,0,1,0,0,0,0,0,0,3,0,1,0,0,0,0,2,0,1,1,0
21314374,0,0,0,0,0,0,0,0,0,0,0,0,0,0,0,1,0,0,1,0,1,1,2,0,1,0,0,1,0,0,1,0,0,1,0,1,2,0,0,1,0,0,0,1,1,1,0,0,0,1,0
21314410,0,0,0,0,0,0,0,0,0,0,0,0,0,0,0,0,0,0,0,0,0,0,0,0,0,0,0,2,0,0,0,0,1,0,0,0,0,1,1,1,1,4,0,4,1,0,0,0,1,1,0
21315112,0,0,0,0,0,0,0,0,0,0,0,0,0,0,0,0,0,0,0,0,0,0,0,0,0,0,0,0,1,0,0,1,1,0,1,2,0,1,1,0,0,1,1,1,1,4,0,0,1,1,0
21315646,0,0,0,0,0,0,0,0,0,0,0,0,0,0,0,0,0,0,0,0,0,0,0,0,0,0,1,1,0,0,1,3,0,0,0,0,0,2,1,0,2,2,0,0,0,1,0,1,1,1,1
90451377,0,0,0,0,0,0,0,0,0,0,0,0,0,0,0,0,0,0,0,0,0,0,0,0,1,4,0,0,0,1,1,0,1,1,0,0,0,1,0,1,2,0,1,1,1,1,0,0,0,0,1
90581608,0,0,0,0,0,0,0,0,0,0,0,0,0,0,0,0,0,0,0,0,0,1,0,0,0,0,0,1,0,0,2,1,0,2,2,0,0,1,0,1,0,1,0,1,1,0,1,1,1,0,1
90606391,0,0,0,0,0,0,0,0,0,0,0,0,0,0,0,0,0,0,0,0,0,2,0,1,0,0,2,1,0,0,2,0,0,0,1,1,1,0,0,0,1,0,0,2,0,1,1,0,1,1,0
10501007,0,0,0,0,0,0,0,0,0,0,0,0,0,0,0,0,0,1,0,0,0,2,2,1,0,0,0,0,1,0,0,1,0,0,0,0,1,0,0,2,0,0,2,0,0,0,0,2,2,0,2
12766002,0,0,0,0,0,0,0,0,0,0,0,0,0,0,0,0,0,0,0,0,0,0,2,0,0,1,0,1,1,0,1,1,0,1,0,0,0,1,0,0,0,0,4,1,0,0,2,1,0,0,2
21018239,1,0,1,0,0,0,0,1,0,1,0,2,1,1,0,0,0,1,0,2,3,0,0,0,1,0,0,0,0,0,0,0,2,0,0,0,0,0,0,0,0,0,0,0,1,0,0,0,1,0,0
21026270,0,0,0,0,0,0,0,0,0,0,0,0,0,0,0,0,0,0,0,0,0,2,0,0,0,0,3,2,0,2,0,0,0,0,1,0,0,0,1,1,2,0,2,0,1,0,1,1,0,0,0
21030373,0,0,0,0,0,0,0,0,0,0,0,0,0,0,0,0,0,0,0,0,0,0,0,0,0,0,0,0,3,2,1,1,0,1,2,0,0,1,0,1,0,0,1,2,1,0,0,1,1,1,0
21030388,0,0,0,0,0,0,0,0,0,0,0,0,0,0,0,0,0,0,0,0,1,1,0,0,0,0,1,0,0,0,1,2,0,0,0,0,0,0,0,0,0,1,0,1,0,2,3,2,4,0,0
21036018,0,0,0,0,0,0,0,0,0,0,0,0,0,0,0,0,0,0,0,0,0,0,0,0,0,0,0,0,0,0,0,1,1,2,1,1,0,0,0,0,1,3,0,1,0,1,2,0,2,2,1
21058487,0,0,0,0,1,0,0,0,2,0,1,4,1,0,0,1,0,0,0,0,1,1,0,0,1,1,0,1,0,1,1,0,0,0,0,0,0,0,0,0,0,0,0,1,0,0,0,0,0,0,1
21061923,2,1,4,1,0,0,1,1,0,0,0,2,0,0,0,0,2,1,0,0,0,1,0,0,0,0,0,0,0,0,0,0,0,0,1,0,0,0,0,0,0,0,0,0,0,0,0,0,0,0,2
21108961,0,0,0,1,0,1,0,0,1,1,0,0,0,0,1,1,0,0,0,0,0,0,0,1,0,1,0,0,0,1,0,0,0,0,3,1,0,0,0,0,2,1,0,0,0,1,0,0,0,0,2
21135766,0,0,0,0,0,0,0,0,0,0,0,0,0,0,0,0,0,0,0,0,0,0,0,0,0,0,0,0,0,0,1,0,0,0,2,0,1,0,2,1,0,3,2,0,1,0,0,1,2,3,0
21311728,0,0,0,0,0,0,0,0,0,0,0,0,0,0,0,1,0,0,1,0,0,0,0,0,1,3,0,1,1,1,1,1,0,0,0,0,1,0,0,1,0,0,0,0,2,0,3,0,0,0,1
21312187,0,0,0,0,0,0,1,3,0,0,0,0,0,1,0,0,0,0,1,1,0,1,0,0,0,0,1,2,2,1,0,0,0,0,1,0,0,0,1,0,0,0,0,0,0,2,0,0,0,1,0
21312690,0,0,0,0,0,0,0,0,0,0,0,3,0,0,0,1,0,0,0,0,0,0,1,0,0,1,1,0,0,0,0,1,1,0,1,0,0,0,0,1,0,0,2,0,1,0,0,1,0,1,3
21312957,0,0,0,0,0,0,0,0,0,0,0,0,0,0,0,0,0,0,0,0,0,0,0,0,0,1,1,0,0,3,0,0,0,0,1,0,0,0,2,2,0,0,0,0,0,3,2,1,2,0,1
21313797,0,0,0,0,0,0,0,0,0,0,0,0,0,1,0,0,1,0,0,0,1,1,0,0,1,0,1,0,0,0,1,2,0,1,1,0,0,0,0,2,0,0,1,0,1,1,1,0,1,1,0
21314627,0,0,0,0,0,0,0,0,0,0,0,0,0,0,0,0,0,0,0,1,0,1,0,0,2,6,1,0,0,0,0,0,0,0,1,0,1,0,0,0,0,1,0,0,0,3,1,1,0,0,0
21029651,0,0,0,0,0,0,0,0,0,0,0,0,0,0,0,0,0,0,0,0,0,0,0,0,0,1,1,2,1,0,0,1,0,0,2,0,1,1,0,1,1,1,1,0,1,0,1,0,2,0,2
21029683,0,0,0,0,0,0,0,0,0,0,0,0,0,0,0,0,0,0,0,0,0,0,1,0,0,0,0,2,2,1,0,0,1,0,0,0,0,0,0,1,2,0,0,3,2,1,0,0,1,1,2
21030206,0,0,0,0,0,0,0,0,0,0,0,0,0,0,0,0,0,0,0,0,1,0,0,0,1,0,0,0,0,1,0,0,2,0,2,1,3,1,0,0,0,1,0,2,0,0,0,3,1,1,0
21030408,0,0,0,0,0,0,0,0,0,0,0,0,0,0,0,0,0,0,0,2,0,1,0,0,0,0,0,0,0,0,2,0,0,0,1,0,1,1,5,0,1,0,2,1,1,0,0,2,0,0,0
21033369,1,0,1,0,0,0,0,0,0,0,0,0,1,1,0,0,0,1,0,0,2,0,0,0,0,0,1,0,0,1,0,0,0,3,0,0,1,0,0,1,0,3,0,1,0,0,0,0,0,0,2
21034281,0,0,0,1,0,0,2,0,1,0,0,0,1,0,0,1,2,1,0,2,0,1,0,0,0,0,1,0,0,0,1,0,0,0,0,0,0,0,0,2,1,0,0,0,2,0,0,0,1,0,0
21035402,0,0,0,0,0,0,0,0,0,0,0,0,0,0,2,0,0,0,0,1,0,0,1,0,0,0,0,0,0,0,0,2,2,0,1,0,1,2,0,0,3,0,2,0,0,1,1,0,0,1,0
21035419,0,0,0,1,0,0,0,1,0,0,0,0,0,2,0,1,0,0,0,3,1,1,0,0,0,0,0,1,0,4,1,1,1,0,0,0,0,0,0,0,0,0,0,0,0,0,1,1,0,0,0
21035648,0,0,0,0,0,0,0,0,0,0,0,0,0,0,0,0,0,0,0,0,2,0,0,0,0,0,0,1,2,1,0,1,0,0,1,0,3,1,0,1,0,0,1,0,2,0,3,0,1,0,0
21048465,0,1,3,0,0,0,0,0,0,0,0,0,2,0,1,2,3,1,0,0,0,1,1,0,0,0,0,0,0,1,0,1,0,0,0,0,0,0,0,0,0,0,0,2,0,0,0,0,0,0,1
21050505,0,0,0,0,1,0,1,0,4,2,4,0,0,0,0,0,0,2,2,0,1,1,0,0,0,1,0,0,0,0,0,0,0,0,0,0,0,0,0,0,0,0,0,0,0,0,0,0,1,0,0
21050805,1,2,0,1,0,0,0,0,0,0,0,1,1,0,2,0,0,0,0,0,0,2,1,0,0,0,0,0,0,0,0,0,1,0,0,0,0,0,0,4,2,0,0,0,0,1,0,0,0,0,1
21057481,0,0,1,1,0,1,0,0,0,0,2,0,2,2,1,2,1,0,0,0,0,1,0,0,0,1,0,1,1,0,0,0,0,0,0,0,0,0,0,0,0,0,0,1,0,0,0,0,0,1,1
21058715,1,0,0,0,0,0,1,0,1,0,0,1,1,0,0,0,0,0,1,1,2,0,0,0,0,0,0,0,0,2,1,0,0,0,0,0,0,0,1,0,2,0,4,0,0,0,0,1,0,0,0
21060803,0,0,2,3,1,3,0,0,0,0,0,0,0,0,0,0,0,0,1,4,0,0,0,0,0,0,0,0,1,0,0,1,0,0,0,0,0,0,0,0,0,0,0,2,1,0,0,0,1,0,0
21060837,0,0,0,0,0,0,0,0,0,0,0,0,0,0,0,0,0,1,1,0,0,2,0,0,3,0,2,1,0,0,0,1,0,1,0,0,0,0,1,1,0,0,1,1,0,1,0,0,3,0,0
21067072,0,0,0,0,0,0,0,2,2,1,0,0,0,0,1,0,1,3,0,1,0,0,0,0,2,2,0,0,0,0,0,0,0,0,0,2,1,1,0,0,0,0,0,0,0,0,0,0,0,1,0
21067074,0,0,4,1,0,1,0,0,0,0,0,0,0,0,2,0,0,1,0,0,0,1,2,0,0,1,1,0,0,0,0,1,0,0,0,0,1,0,1,0,0,2,0,0,0,0,0,0,0,0,1
21134631,0,0,0,0,0,0,0,0,0,0,0,2,0,0,2,1,3,1,0,0,0,1,3,0,2,0,0,0,0,0,0,0,1,0,0,0,0,0,1,0,1,0,0,0,0,0,0,1,1,0,0
21314896,0,0,0,0,0,0,0,0,0,0,0,0,0,0,0,0,0,0,0,0,0,1,3,0,0,0,2,1,3,3,0,0,0,1,1,1,0,0,0,0,0,0,0,0,1,0,0,2,0,0,1
90507725,0,0,0,0,0,0,0,0,0,0,0,0,0,0,0,0,0,0,0,0,0,0,0,0,0,0,1,1,0,0,2,1,0,0,4,1,1,1,0,0,2,0,1,2,0,1,0,2,0,0,0
90533788,0,0,0,0,0,0,0,0,0,0,0,0,0,0,0,0,0,0,0,0,0,0,0,0,0,1,0,0,0,0,0,1,1,1,0,2,1,0,0,0,2,2,0,1,0,2,1,1,3,1,0
90581596,0,0,0,0,0,0,0,0,0,0,0,0,0,0,0,0,0,0,0,0,0,1,0,1,0,0,2,1,0,0,1,2,0,0,0,0,2,0,3,0,0,0,0,0,0,2,2,1,0,2,0
90596056,0,0,0,0,0,0,0,0,0,0,0,0,0,0,0,0,0,0,0,0,0,0,2,2,0,1,0,0,0,1,1,0,0,0,3,0,0,1,0,0,0,3,0,1,0,0,0,0,1,4,0
90606247,0,0,0,0,0,0,0,0,0,0,0,0,0,0,0,0,0,0,0,0,0,0,0,0,2,0,1,1,0,0,0,2,3,2,0,1,0,0,1,2,0,2,0,0,0,1,0,0,0,0,2
12137640,0,0,0,1,1,1,2,2,0,3,1,0,1,1,0,0,0,4,0,0,0,0,1,0,0,0,1,0,0,0,0,0,0,0,0,0,0,0,0,0,0,1,0,0,0,0,0,0,0,0,1
15369646,0,0,0,0,0,0,0,0,0,0,0,0,0,0,0,0,0,0,0,0,0,0,0,0,0,0,1,1,0,1,1,2,0,0,0,1,0,2,1,1,0,2,1,1,0,1,1,0,0,2,2
15383207,0,0,0,0,0,0,0,0,0,0,0,0,0,0,0,0,0,0,0,0,0,0,0,0,0,0,2,0,1,0,1,0,0,2,0,1,0,0,1,2,0,0,1,0,2,0,0,2,3,1,2
21019382,0,0,0,0,0,0,0,0,0,2,0,0,0,0,0,0,2,0,0,0,1,0,0,1,0,0,0,0,1,3,0,2,0,0,1,0,0,2,0,0,0,0,1,1,0,0,3,0,0,1,0
21022325,0,0,0,0,3,1,1,1,3,0,0,1,0,0,0,0,1,1,0,0,0,0,0,1,0,0,0,0,0,0,1,0,5,0,0,0,0,1,0,0,0,0,0,0,0,0,0,0,1,0,0
21022371,0,0,0,0,0,0,0,0,0,0,0,0,0,1,0,0,0,0,3,0,1,0,0,0,1,0,0,2,1,0,0,0,1,0,0,0,0,3,0,0,1,3,0,0,2,0,1,1,0,0,0
21024269,0,0,0,0,0,0,0,0,0,0,0,0,0,0,0,0,0,0,0,0,1,2,0,0,0,0,0,5,0,2,0,0,1,0,0,0,1,1,2,0,1,0,1,2,0,0,1,1,0,0,0
21029700,0,0,0,0,0,0,0,0,0,0,0,0,0,0,0,0,0,0,0,0,0,0,0,0,0,0,2,0,2,1,0,3,0,0,0,1,1,2,0,2,0,0,1,0,1,2,1,0,0,2,0
21030246,0,0,0,0,0,0,0,0,0,0,0,0,0,0,0,0,0,0,0,0,0,0,0,0,0,0,1,0,0,0,1,1,0,0,0,0,1,0,0,1,0,0,2,1,1,3,1,4,1,1,2
21032448,2,0,0,0,1,1,2,0,0,0,1,0,0,0,0,0,0,3,0,0,0,3,0,0,0,0,0,2,1,0,0,0,1,0,0,0,0,0,0,0,2,0,0,0,0,0,0,1,1,0,0
21046483,0,0,0,2,0,3,0,0,0,0,3,0,0,0,2,0,0,0,1,0,2,0,0,0,0,0,0,0,0,0,0,0,2,1,0,1,0,0,0,1,1,0,0,0,0,0,0,2,0,0,0
21048462,1,2,0,2,0,0,1,0,0,0,2,0,1,0,1,0,0,0,1,0,0,1,2,1,1,0,0,0,0,0,0,0,0,0,0,1,1,0,2,0,0,0,0,0,0,0,0,0,1,0,0
21050771,0,0,1,0,0,0,2,0,2,0,0,0,1,1,1,0,0,2,3,0,1,0,0,0,0,0,0,0,0,0,1,0,0,0,0,1,0,0,0,0,0,3,0,0,0,1,0,0,0,0,1
21051544,0,0,1,2,0,0,0,0,0,0,0,1,1,0,0,1,0,2,0,0,0,1,2,0,1,1,2,1,0,1,1,0,1,0,1,0,0,0,0,0,0,0,0,0,0,0,0,0,1,0,0
21058490,1,0,5,5,0,0,1,0,0,0,1,0,0,0,0,0,0,0,1,0,0,1,0,0,1,1,0,1,0,0,0,0,0,0,0,0,1,0,1,0,0,0,0,0,0,0,0,1,0,0,0
21070204,0,0,0,0,0,0,0,0,0,2,0,0,0,0,2,0,0,0,0,2,0,2,0,0,0,0,3,2,0,1,0,1,0,0,2,0,0,0,0,0,0,0,1,0,1,0,0,0,2,0,0
21091738,1,1,0,0,0,1,1,2,0,2,1,0,1,0,0,0,0,0,1,0,0,1,2,0,0,0,0,0,0,1,0,1,1,0,0,0,1,0,0,1,0,0,0,0,1,0,0,0,0,1,0
21091930,0,1,0,0,0,2,2,1,1,1,0,0,0,0,0,0,0,0,1,0,0,0,3,0,2,0,1,0,1,0,0,1,2,0,0,0,0,0,0,0,1,0,0,0,0,0,0,0,0,1,0
21313743,0,0,0,0,0,0,0,0,0,0,0,0,0,0,0,0,0,0,0,1,2,0,0,0,1,0,1,2,6,1,0,1,1,1,0,0,1,0,0,0,0,0,0,0,0,0,1,1,0,1,0
21314212,0,0,0,0,0,0,0,0,0,0,0,0,0,0,0,0,0,0,0,1,0,0,0,2,1,0,0,0,6,0,0,0,0,1,1,0,0,0,0,2,0,0,0,1,1,1,2,2,0,0,0
21314563,0,0,0,0,0,0,0,0,0,0,0,0,1,0,1,1,0,0,0,0,1,1,0,0,0,4,0,0,2,0,1,0,0,0,1,1,0,0,0,1,0,0,0,0,0,0,0,1,4,1,0
90289102,0,0,0,0,0,0,0,0,0,0,0,0,0,0,0,0,0,0,0,0,0,0,1,1,0,0,0,1,0,1,1,0,0,1,1,0,1,0,1,0,0,1,0,0,0,3,2,1,1,3,1
90451378,0,0,0,0,0,0,0,0,0,0,0,0,0,0,0,0,0,0,0,0,0,0,0,0,1,0,0,0,0,1,1,1,1,0,2,2,1,1,0,1,1,0,2,0,1,1,0,0,0,3,1
90451460,0,0,0,0,0,0,0,0,0,0,0,0,0,0,0,0,0,0,0,0,0,2,0,0,0,0,0,0,1,0,0,1,0,0,2,0,2,1,0,1,1,0,0,0,3,3,0,2,0,0,2
90451465,0,0,0,0,0,0,0,0,0,0,0,0,0,0,0,0,0,0,0,2,0,0,0,0,1,1,1,0,0,1,1,3,0,1,0,1,0,1,0,0,1,2,1,0,0,1,1,2,0,0,0
90550149,0,0,0,0,0,0,0,0,0,0,0,0,0,0,0,0,0,0,0,0,0,0,0,0,1,1,0,0,0,0,0,0,1,0,2,1,2,0,1,0,1,3,0,1,0,3,2,1,1,0,0
90584257,0,0,0,0,0,0,0,0,0,0,0,0,0,0,0,0,0,0,0,0,0,0,0,0,0,0,0,0,1,0,0,2,0,0,1,2,0,2,2,0,0,1,1,0,1,0,0,0,3,2,3
90586031,0,0,0,0,0,0,0,0,0,0,0,0,0,0,0,0,0,0,0,0,0,0,0,0,0,1,0,2,0,0,2,0,0,5,0,1,1,0,2,0,0,1,0,0,2,1,1,1,0,0,1
15317270,0,0,0,0,0,0,0,0,0,0,0,0,0,0,0,0,0,0,0,0,0,0,0,0,0,0,0,0,1,1,4,1,0,0,1,1,0,0,0,0,1,1,1,0,0,5,0,0,2,3,0
15369304,0,0,0,0,0,0,0,0,0,0,0,0,0,0,0,0,0,0,0,0,2,1,0,0,0,0,0,0,1,3,2,0,0,0,0,0,0,0,0,0,1,1,0,1,2,4,1,1,0,1,1
21030391,0,0,0,0,0,0,0,0,0,0,0,0,0,0,0,0,0,0,0,0,0,1,0,0,1,0,2,0,0,0,1,0,2,1,0,0,0,2,1,0,1,1,0,0,0,3,1,1,3,1,0
21033896,0,0,1,0,1,0,0,0,0,0,0,0,0,0,0,1,0,0,1,0,0,0,1,0,0,0,0,1,0,0,2,0,1,5,1,0,0,0,1,0,0,1,0,0,0,0,0,3,0,0,2
21033968,0,3,1,0,0,0,0,0,0,4,1,0,0,0,0,0,1,0,0,0,2,0,0,3,0,1,0,0,0,0,0,0,1,1,0,1,0,0,1,0,1,0,0,0,0,0,0,1,0,0,0
21053201,0,0,0,1,0,1,1,0,2,0,3,0,1,0,2,0,0,0,0,0,0,0,0,0,0,0,1,2,0,0,0,0,0,0,0,2,0,1,1,0,0,0,2,0,0,1,0,1,0,0,0
21055743,1,2,1,0,0,0,0,0,0,1,1,3,0,0,0,2,1,0,1,0,0,0,0,1,1,0,0,0,0,0,0,0,0,0,0,0,3,3,0,0,0,0,0,0,0,0,0,0,1,0,0
21056514,0,0,0,0,0,0,2,0,0,0,0,0,0,0,1,1,0,2,0,0,1,0,1,0,0,3,1,0,0,0,0,0,1,0,0,0,0,1,0,1,1,1,2,1,0,0,0,1,0,0,1
21058745,0,0,0,2,0,0,3,0,1,0,0,0,0,3,0,2,0,0,0,0,0,0,1,0,0,0,0,1,1,0,0,0,0,0,0,0,0,0,1,0,0,1,0,1,1,2,1,1,0,0,0
21060877,2,3,0,0,0,1,0,0,0,1,0,0,3,0,0,0,0,0,2,0,0,0,0,0,0,0,0,0,0,0,0,2,3,1,0,0,0,0,0,0,1,0,0,0,0,0,1,0,1,1,0
21064875,0,0,0,0,0,0,2,0,2,3,0,0,2,0,0,0,1,0,0,0,1,0,0,0,0,0,0,1,1,0,0,0,0,0,2,0,0,0,0,0,1,0,1,1,0,1,1,0,1,1,0
21068004,0,3,0,0,0,0,0,0,1,0,0,0,0,0,1,0,2,0,2,1,0,0,1,0,0,1,0,1,0,0,0,0,0,2,0,0,1,1,0,0,2,0,0,1,0,0,0,1,0,1,0
21116431,0,0,0,2,0,0,0,0,1,1,2,1,0,2,0,0,0,0,0,1,0,0,2,0,0,0,0,0,0,0,0,0,2,0,2,0,2,0,0,1,1,0,0,0,1,0,0,0,0,1,0
21311827,0,0,0,0,0,0,0,0,0,0,0,0,0,0,0,0,0,0,0,0,0,0,1,0,0,0,1,0,2,3,1,0,2,3,2,0,0,0,1,0,0,1,1,0,0,1,2,1,0,0,0
21313398,0,0,0,0,0,0,0,0,0,0,0,1,4,2,2,0,0,0,1,1,1,0,0,0,0,1,0,0,0,0,0,0,0,0,0,0,0,2,2,3,0,0,0,0,0,0,1,1,0,0,0
21313718,0,0,0,0,0,0,0,0,0,0,0,0,0,0,0,0,0,0,0,0,0,0,0,0,0,0,3,0,0,0,1,0,0,0,0,0,1,4,1,1,0,1,2,3,0,2,0,1,0,2,0
21314113,0,0,0,0,0,0,0,0,0,0,0,0,0,0,0,0,0,0,0,0,0,0,1,0,1,1,0,1,0,0,0,0,0,1,0,2,2,2,2,1,0,0,1,0,1,2,0,1,0,1,2
21314253,0,0,0,0,0,0,0,0,0,0,0,0,0,0,0,0,0,0,0,0,0,0,0,0,0,0,0,2,0,1,2,1,1,0,1,0,1,0,3,1,2,1,2,2,0,1,0,0,0,1,0
21315647,0,0,0,0,0,0,0,0,0,0,0,0,0,0,0,0,0,0,0,0,0,0,1,0,1,0,0,0,0,1,0,3,0,0,1,3,0,0,0,0,0,2,0,0,1,4,2,0,2,0,1
21034119,0,0,1,1,1,0,2,1,1,0,0,0,0,1,1,1,0,0,1,1,0,0,0,0,0,1,1,0,0,0,0,1,0,0,1,0,0,0,0,1,0,1,0,0,1,1,0,0,1,1,1
21041340,1,0,2,0,1,0,0,0,2,0,0,0,0,3,1,1,0,0,0,0,0,0,0,0,0,1,0,0,0,1,2,1,0,0,0,0,0,0,0,0,1,0,1,4,0,0,0,0,1,0,0
21049101,1,0,0,1,0,0,2,1,2,1,0,0,1,1,0,0,1,0,0,0,4,0,0,0,0,0,1,0,0,0,0,0,1,0,0,0,0,2,0,0,0,1,0,0,0,2,0,0,1,0,0
21049345,2,0,0,1,2,0,3,0,0,0,0,0,1,1,0,1,0,0,0,1,0,0,1,1,2,0,0,0,0,0,1,0,0,2,0,0,0,0,0,1,1,1,0,0,0,0,0,0,1,0,0
21053172,0,0,2,0,1,0,3,0,0,1,0,2,3,0,1,0,0,1,0,0,0,0,0,0,0,1,1,1,0,1,0,0,0,0,0,0,0,2,0,0,1,0,1,0,0,0,0,0,0,0,1
21054510,0,2,4,0,0,0,1,1,0,0,0,0,0,0,2,0,2,0,0,2,0,0,0,0,0,0,0,0,0,0,0,2,0,0,0,0,1,0,0,0,0,0,0,1,1,2,0,2,0,0,0
21056307,0,1,1,0,0,0,0,0,0,2,1,0,0,0,0,1,2,1,0,0,1,0,0,0,0,0,1,1,0,1,3,0,0,1,0,0,0,0,0,2,2,0,0,0,0,0,1,1,0,0,0
21058486,1,0,1,1,0,1,0,0,0,0,1,0,1,0,2,3,0,1,0,1,1,2,0,0,0,0,1,1,0,1,1,0,0,0,0,0,0,0,0,0,0,1,0,1,0,0,0,0,1,0,0
21058749,2,1,0,3,0,2,0,0,0,2,2,0,0,0,0,0,0,0,0,0,0,1,1,0,0,1,0,0,0,1,0,0,0,0,0,0,0,2,2,0,0,0,2,0,0,0,0,1,0,0,0
21059826,0,1,1,4,0,1,0,0,0,1,2,1,0,1,1,0,0,0,0,0,1,0,0,0,0,0,0,0,2,0,2,0,0,0,0,1,0,0,0,0,1,1,0,0,0,0,1,0,0,1,0
21060712,2,0,0,1,2,2,0,0,0,0,0,0,0,0,0,0,0,0,0,3,0,1,0,0,0,1,0,0,0,0,0,0,1,1,3,0,0,0,0,2,0,2,0,0,0,0,0,0,1,1,0
21063186,2,0,0,0,0,1,0,0,0,0,1,0,1,0,0,2,0,2,1,0,0,0,0,0,2,0,0,0,0,1,1,0,0,0,0,0,3,2,1,0,0,0,0,2,0,0,0,0,0,0,1
21066522,1,0,0,0,1,4,0,0,0,0,0,1,0,0,1,0,1,0,1,1,1,0,0,0,0,0,0,1,0,0,0,1,0,0,0,0,0,0,0,0,1,1,1,0,2,1,1,1,0,1,0
21071698,0,0,0,0,0,0,0,0,0,0,0,0,0,0,0,0,0,0,0,0,0,0,0,0,0,0,0,0,1,0,1,3,1,3,3,0,1,0,0,2,0,0,2,0,1,4,0,0,1,0,0
21135502,0,0,0,0,0,0,0,0,0,0,0,0,0,0,0,0,0,0,0,0,0,0,0,0,0,1,0,0,1,0,1,0,0,2,1,2,0,0,3,0,2,1,1,3,0,2,0,0,0,0,3
21135776,0,0,0,0,0,0,0,0,0,0,0,0,0,0,0,0,0,0,0,0,0,0,0,0,0,0,0,1,1,0,2,2,1,2,0,0,0,1,2,2,0,2,0,0,1,0,1,1,1,2,1
21137059,0,0,0,0,1,4,1,0,3,1,1,1,0,0,0,1,0,0,0,0,2,1,1,0,0,0,0,0,0,1,0,0,0,0,2,0,0,0,0,0,0,0,0,0,0,1,0,0,0,2,0
21313218,0,0,0,0,0,0,0,0,1,0,1,0,0,1,0,0,0,0,0,0,3,2,0,3,0,0,0,1,0,2,0,1,2,2,0,0,1,0,1,0,0,0,1,0,0,0,0,1,0,0,0
21030615,0,0,0,0,0,0,0,0,0,0,0,0,0,0,0,0,0,0,0,0,0,0,0,2,0,0,0,0,0,0,1,1,0,0,0,1,0,0,1,0,0,0,0,3,5,0,1,1,2,1,5
21049344,2,2,0,2,0,0,0,0,0,0,1,0,4,1,1,0,1,0,0,0,0,0,0,0,1,0,0,1,0,0,1,1,0,0,0,0,0,1,0,0,0,1,0,0,1,0,0,1,1,0,1
21055773,0,1,1,0,2,1,2,0,1,0,0,1,0,0,2,0,1,0,0,0,0,0,1,0,1,0,0,0,1,0,0,0,0,1,0,2,1,0,1,0,1,1,1,0,0,0,0,1,0,0,0
21061922,3,3,0,1,0,1,0,0,1,0,3,0,1,2,0,0,0,1,0,0,0,1,0,0,0,0,2,0,1,0,0,0,0,0,0,0,0,0,0,1,0,0,0,0,0,0,0,0,0,0,3
21068917,0,0,0,0,0,0,3,0,1,0,2,0,0,0,0,0,0,0,0,0,0,4,1,2,0,0,0,2,0,1,0,1,2,1,0,1,1,0,1,0,0,0,0,0,0,0,0,1,0,0,0
21069784,0,0,0,0,0,0,0,0,0,0,0,0,1,0,0,0,2,3,0,1,0,0,1,0,0,3,1,0,0,0,1,2,1,0,1,0,1,1,0,0,0,1,2,0,0,0,1,0,1,0,0
21088599,0,0,0,0,1,1,0,3,0,0,1,0,0,0,1,3,1,0,0,0,0,0,1,0,0,0,2,0,0,0,0,0,0,1,1,0,0,1,0,0,1,0,0,0,0,1,2,0,0,1,2
21133576,0,0,0,2,0,0,0,2,0,0,0,0,0,2,2,0,0,0,0,2,0,0,0,2,0,0,0,0,0,0,0,0,0,0,2,2,2,0,0,0,0,0,0,0,0,0,2,0,0,4,0
21313397,0,0,0,0,0,0,0,0,0,1,0,0,0,0,0,0,0,3,0,0,1,3,1,2,0,0,3,0,2,0,0,0,0,2,0,0,1,1,1,0,1,0,0,1,0,0,0,1,0,0,0
21313399,0,0,0,0,0,0,0,0,0,0,0,1,1,0,1,0,0,0,0,3,0,0,0,2,0,2,0,0,0,0,0,0,0,1,1,0,0,2,4,0,0,2,0,0,0,0,0,2,1,0,1
21314018,0,0,0,0,0,0,0,0,0,0,0,0,0,0,0,0,0,0,0,0,0,0,0,0,0,0,0,0,2,1,0,0,3,1,0,0,0,0,2,0,2,2,1,4,2,0,1,1,1,1,0
21315505,0,0,0,0,0,0,0,0,0,0,0,0,0,0,0,0,0,0,0,1,0,1,0,0,1,0,2,0,0,3,0,3,1,1,1,0,3,0,1,1,1,0,1,2,0,0,0,0,0,0,1
22663153,0,0,0,0,0,0,0,0,0,0,0,0,0,0,0,0,0,0,0,0,0,0,0,0,1,0,0,0,0,1,0,0,0,2,3,1,2,1,1,0,1,1,0,2,0,0,1,2,0,3,2
90497232,0,0,0,0,0,0,0,0,0,0,0,0,0,0,0,0,0,0,0,0,0,0,1,0,0,0,0,0,0,2,3,0,0,1,2,1,2,1,0,0,2,0,1,0,2,1,1,0,0,1,3
90584286,0,0,0,0,0,0,0,0,0,0,0,0,0,0,0,0,0,0,0,0,0,0,0,4,0,0,2,0,0,1,0,2,0,2,0,0,0,0,2,0,0,0,1,0,1,3,0,0,1,0,5
90586598,0,0,0,0,0,0,0,0,0,0,0,0,0,0,0,0,0,0,0,0,0,1,3,0,2,0,0,1,0,1,0,0,0,0,2,1,0,0,2,2,0,0,3,0,0,0,1,0,3,2,0
90589864,0,0,0,0,0,0,0,0,0,0,0,0,0,0,0,0,0,0,0,0,0,0,1,1,0,0,0,0,0,0,0,0,1,2,0,0,2,0,0,0,1,0,3,1,4,3,3,0,1,1,0
90589865,0,0,0,0,0,0,0,0,0,0,0,0,0,0,0,0,0,0,0,0,0,0,2,2,0,0,0,0,0,0,0,0,2,2,0,0,2,0,0,1,0,0,0,1,4,2,1,0,2,2,1
90606399,0,0,0,0,0,0,0,0,0,0,0,0,0,0,0,0,0,0,0,0,0,0,0,0,0,0,0,2,2,1,1,1,3,1,0,0,1,0,1,0,1,1,1,0,0,0,0,0,1,3,4
90606821,0,0,0,0,0,0,0,0,0,0,0,0,0,0,0,0,0,0,0,0,0,1,0,0,0,0,0,1,0,2,4,2,0,0,0,0,1,0,0,0,0,0,0,0,1,1,1,0,2,4,4
16618996,0,0,1,0,2,0,0,0,0,2,2,0,1,0,3,0,0,0,0,1,0,0,0,0,1,0,0,2,0,0,0,0,0,0,0,0,1,0,0,0,2,0,0,5,0,0,1,1,0,0,0
21049208,1,0,2,0,1,2,2,2,0,1,0,0,0,0,0,2,0,3,0,2,0,2,0,0,0,0,0,0,1,0,0,0,0,0,1,0,0,1,0,0,0,0,0,0,0,0,0,1,0,1,0
21050411,0,0,0,0,0,1,0,0,2,0,0,1,0,0,0,1,0,0,1,0,0,0,0,0,3,0,3,1,1,0,0,0,2,0,0,0,0,2,0,0,0,3,1,0,0,0,0,1,0,1,1
21052122,3,3,0,0,2,1,2,1,0,0,0,0,0,0,2,0,1,0,0,0,0,0,1,0,1,0,2,0,0,0,0,0,0,0,0,0,1,0,0,2,0,2,0,0,0,0,0,1,0,0,0
21053489,1,1,0,0,1,0,1,0,2,2,1,0,0,0,1,0,0,1,0,3,3,0,0,0,0,0,1,0,2,0,0,1,0,0,0,0,0,0,0,0,0,0,0,0,0,1,0,0,2,0,1
21054132,0,0,2,0,2,0,3,1,0,0,0,3,2,0,0,0,1,0,0,2,2,0,0,0,0,0,1,0,0,0,0,0,1,1,0,0,1,1,0,0,0,0,1,0,0,0,0,0,0,1,0
21054763,2,0,0,1,0,1,0,1,5,0,0,1,0,1,0,1,0,0,0,0,0,0,0,0,0,2,1,1,0,3,0,1,2,0,0,0,0,0,0,0,0,0,1,0,0,0,0,1,0,0,0
21057478,0,0,2,3,0,1,0,0,0,0,2,0,2,2,1,2,1,0,0,1,0,0,1,0,0,2,1,0,1,0,0,1,0,0,0,0,0,0,0,0,0,0,0,1,0,0,0,0,0,1,0
21058481,2,3,0,0,0,0,0,2,0,0,0,0,0,1,1,1,0,2,1,0,0,0,0,0,0,0,0,3,1,1,0,0,0,0,0,1,0,0,1,0,0,1,0,0,1,0,0,0,1,1,1
21063074,0,0,2,0,0,2,2,0,0,1,2,0,0,1,1,0,0,1,0,0,0,1,1,0,1,1,0,1,1,2,0,0,0,0,0,1,1,0,0,0,0,0,0,0,0,1,0,2,0,0,0
21051523,1,0,0,1,0,0,1,0,0,0,0,0,1,0,0,0,0,0,1,1,0,1,1,0,1,0,4,0,2,2,0,1,4,0,0,0,0,0,0,0,0,0,0,1,2,0,0,0,1,0,0
21054577,0,0,0,0,0,0,0,0,1,1,0,1,1,0,1,1,0,1,4,0,1,1,1,1,1,0,2,0,0,2,2,0,0,2,0,1,0,0,0,0,0,0,0,0,0,0,0,0,0,1,0
21056377,2,0,1,0,0,0,5,3,0,1,0,0,0,0,0,0,0,0,1,2,0,0,0,0,0,1,0,0,0,0,0,0,0,1,0,0,1,0,3,1,0,0,0,3,0,0,0,0,0,1,0
21056927,0,0,0,2,0,0,0,1,1,0,0,2,1,2,3,0,2,1,0,2,0,1,0,0,1,0,0,0,0,1,1,0,1,0,0,0,0,1,0,0,1,0,0,0,0,1,0,0,0,0,1
21059355,2,2,0,0,1,0,2,2,0,0,1,0,0,0,0,0,0,2,0,0,0,1,1,2,1,1,1,1,0,1,0,0,0,0,1,0,0,1,0,0,1,0,0,0,0,1,0,1,0,0,0
21062996,1,1,1,2,2,0,2,0,0,2,0,0,1,1,2,0,0,0,0,1,0,0,0,0,1,0,0,0,0,0,0,0,0,1,0,0,0,0,0,0,0,0,0,2,2,3,0,0,0,1,0
21063040,0,0,2,0,0,0,0,0,0,0,0,1,3,3,2,0,0,2,0,0,0,0,1,0,1,0,2,0,1,1,0,0,0,0,2,0,0,0,0,0,1,0,0,0,0,1,1,0,0,1,1
21063139,2,0,0,0,0,0,1,0,0,0,2,0,2,3,0,0,1,0,0,0,0,0,3,0,0,0,0,0,0,0,0,0,3,1,0,0,2,0,2,0,0,0,0,0,0,1,2,1,0,0,0
21063312,0,0,0,0,0,0,0,0,0,1,0,0,1,0,1,0,2,1,0,2,0,0,3,0,0,0,1,1,0,1,1,0,1,1,1,0,0,0,2,0,1,1,0,1,1,1,0,0,0,1,0
21171161,0,0,0,0,0,0,0,0,0,0,0,0,0,0,0,0,0,0,0,0,0,0,0,1,0,0,1,0,1,0,4,2,1,3,0,0,1,0,2,0,0,1,0,0,0,2,1,1,5,0,0
21181874,0,0,0,0,0,0,0,0,0,0,0,1,2,2,0,0,3,5,0,1,0,0,0,0,1,0,0,0,0,1,3,0,0,0,0,0,0,1,0,3,0,0,1,0,0,1,0,1,0,0,0
21314409,0,0,0,0,0,0,0,0,0,0,0,0,0,0,0,0,0,0,0,0,0,0,0,0,0,0,0,2,0,0,0,0,1,0,0,0,1,2,1,0,2,4,0,5,0,1,0,1,1,2,3
21034225,2,0,0,0,0,2,0,0,0,0,1,1,0,0,0,0,0,1,3,0,0,1,1,1,0,1,0,0,1,0,0,0,0,0,0,0,3,1,0,1,0,1,3,0,0,0,1,0,1,1,0
21049124,0,1,2,0,0,1,2,0,1,0,0,0,1,0,1,1,0,1,2,0,0,0,0,1,0,1,1,0,0,0,0,0,0,0,0,1,0,1,2,1,2,2,0,0,0,0,0,0,1,0,1
21051534,2,0,0,3,0,2,0,5,0,0,1,0,0,0,1,2,0,0,1,3,0,1,1,0,0,0,0,1,0,0,0,0,0,0,0,0,0,0,0,0,0,0,1,0,0,0,0,3,0,0,0
21054143,1,2,1,0,2,0,2,0,0,0,1,1,0,0,0,2,0,0,0,2,0,0,0,1,0,0,0,0,1,0,0,0,0,0,0,0,0,1,1,3,0,0,1,0,1,0,0,0,0,0,4
21056958,3,5,1,1,1,0,0,2,1,3,0,0,2,0,0,0,0,0,1,0,0,0,1,0,0,0,0,0,0,0,0,0,2,0,0,0,0,1,0,0,2,0,0,0,0,0,0,1,0,0,0
21061145,1,1,0,2,5,1,0,3,1,1,4,1,1,0,0,1,0,0,0,0,0,0,0,0,0,0,0,0,0,0,0,1,1,1,0,0,0,0,0,0,0,0,0,1,0,0,0,0,0,0,1
21064864,0,0,0,0,0,0,1,1,0,0,0,0,1,2,1,0,1,0,0,0,2,1,0,0,3,0,1,0,1,0,0,0,1,0,0,0,1,0,1,0,1,2,2,0,1,0,0,0,0,1,2
21066053,0,0,0,0,0,0,0,0,0,0,0,0,0,0,0,0,0,0,0,0,0,0,0,0,0,1,1,0,0,0,4,2,4,2,3,0,2,0,1,1,0,0,0,1,2,0,0,0,0,1,2
21067075,0,0,0,0,0,0,0,2,0,2,1,0,0,1,1,1,0,0,2,0,0,0,2,2,0,0,1,1,0,2,0,1,1,0,0,0,0,0,0,0,3,2,0,0,0,0,0,0,0,1,1
21071906,0,0,0,0,0,0,0,0,0,0,0,0,0,0,0,0,0,0,0,0,0,0,2,0,0,0,0,0,0,0,0,1,1,2,0,1,0,1,4,0,2,2,4,0,0,2,1,0,2,0,2
21072246,0,0,0,0,0,0,0,0,0,0,0,0,0,0,0,0,0,0,0,0,0,0,0,0,0,2,1,0,0,2,1,1,2,0,2,1,0,1,0,1,2,0,2,2,1,2,2,0,0,1,1
21086551,1,1,1,0,0,0,0,0,0,2,2,2,1,0,1,0,0,1,1,0,0,0,1,0,0,0,0,0,1,0,2,2,1,0,0,0,0,0,0,3,0,0,0,0,0,0,3,0,0,1,0
21104651,4,1,0,3,0,0,0,0,0,3,1,0,0,0,1,0,0,0,0,1,0,0,0,0,0,0,0,1,0,1,0,0,0,0,1,2,1,3,0,0,1,0,0,0,0,0,2,0,0,1,0
21105273,1,0,2,0,0,1,0,0,0,2,0,2,0,1,1,0,0,1,1,2,0,0,0,1,1,2,0,0,1,0,0,0,0,0,0,1,2,0,0,1,0,0,0,0,0,0,0,0,2,0,2
21122714,0,0,0,0,0,0,0,0,0,0,0,0,0,1,0,0,0,0,0,0,1,0,3,0,0,1,2,3,0,0,0,2,1,0,0,1,1,3,1,0,0,0,0,2,1,3,0,0,1,0,0
21312917,0,0,0,0,0,0,0,0,0,0,0,0,0,0,2,1,2,0,2,2,0,1,0,1,1,1,2,0,1,2,2,0,1,1,0,0,0,1,0,0,0,0,1,0,0,0,0,3,0,0,0
21313000,0,0,0,0,0,0,0,0,0,0,0,0,0,0,0,0,0,0,0,0,0,0,0,0,1,0,0,2,0,3,1,1,0,0,0,0,2,0,0,0,0,3,0,1,0,4,2,1,3,3,0
21313719,0,0,0,0,0,0,0,0,0,0,0,0,0,0,0,0,0,0,0,0,0,0,0,0,0,0,3,0,0,0,0,0,0,1,0,1,2,4,1,2,0,1,2,5,0,1,0,1,0,2,1
90147113,0,0,0,0,0,0,0,0,0,0,0,0,0,0,0,0,0,0,0,0,0,0,0,0,0,1,1,2,3,1,4,5,0,2,1,1,0,1,0,0,1,0,0,0,0,1,1,1,0,1,0
90518488,0,0,0,0,0,0,0,0,0,0,0,0,0,0,0,0,0,0,0,1,0,0,0,0,1,0,0,0,3,2,4,6,2,0,1,0,0,0,0,0,1,0,1,4,0,0,0,1,0,0,0
90522960,0,0,0,0,0,0,0,0,0,0,0,0,0,0,0,0,0,0,0,0,0,1,1,1,0,2,1,1,0,1,0,1,0,2,2,0,2,2,0,0,0,0,2,1,0,1,3,1,1,0,1
90606357,0,0,0,0,0,0,0,0,0,0,0,0,0,0,0,0,0,0,0,0,0,0,3,1,0,0,1,3,1,2,4,1,0,0,2,0,3,1,0,0,0,0,1,0,1,1,1,0,1,0,0
90606396,0,0,0,0,0,0,0,0,0,0,0,0,0,0,0,0,0,0,1,0,0,0,3,1,1,0,0,0,0,0,1,3,3,0,0,1,0,0,1,1,0,0,3,0,0,5,1,0,2,0,0
90606397,0,0,0,0,0,0,0,0,0,0,0,0,0,0,0,0,0,0,2,1,2,0,1,0,2,0,0,0,0,1,0,1,2,0,0,0,0,0,3,1,1,2,1,2,2,1,0,0,0,1,1
90606410,0,0,0,0,0,0,0,0,0,0,0,0,0,0,0,0,0,0,0,0,1,1,1,0,0,0,1,0,0,0,1,1,0,1,0,1,0,0,2,1,1,0,2,3,0,4,4,0,2,0,0
11527055,0,0,0,0,0,0,0,0,0,0,0,0,0,0,0,0,0,0,0,0,0,0,0,0,0,0,0,2,0,2,0,2,2,6,0,2,2,0,2,2,2,0,0,0,0,0,0,0,2,2,0
12140431,1,1,0,0,0,0,3,1,1,0,0,2,1,1,0,1,0,1,2,0,0,0,0,0,0,0,0,0,0,2,1,1,0,1,0,0,0,0,2,1,0,0,1,2,0,0,0,0,1,1,0
15369337,0,0,0,0,0,0,0,0,0,0,0,0,0,0,0,0,0,0,0,0,0,0,0,0,0,0,1,0,1,0,0,0,2,1,1,1,0,0,6,1,3,4,1,0,1,1,0,3,1,0,0
15369647,0,0,0,0,0,0,0,0,0,0,0,0,0,0,0,0,0,0,0,0,0,0,1,1,0,0,0,0,1,0,0,0,0,0,1,0,1,0,0,0,0,1,0,5,1,3,5,1,1,2,4
15383265,0,0,0,0,0,0,0,0,0,0,0,0,0,0,0,0,0,0,0,0,0,3,2,2,1,1,2,0,0,4,1,0,0,2,0,1,0,0,1,1,2,0,2,0,1,1,0,1,0,0,0
18030763,0,0,0,1,4,0,0,0,0,0,0,0,0,0,3,2,2,0,0,1,2,0,1,0,0,0,0,0,0,0,0,0,0,0,0,0,0,0,0,0,0,2,0,2,0,0,1,0,1,4,2
21029637,0,0,0,0,0,0,0,0,0,0,0,0,0,0,0,0,0,0,0,0,0,0,0,0,2,1,0,0,0,1,0,0,5,0,0,0,1,0,1,4,0,0,4,2,0,2,0,1,1,2,1
21032487,0,1,0,0,0,1,0,1,2,2,0,0,0,0,1,2,0,0,1,2,2,1,1,0,0,2,0,1,0,0,1,0,1,0,0,1,1,0,0,1,1,0,0,0,1,0,0,0,0,0,1
21048405,1,1,1,1,0,0,0,0,0,0,1,2,0,0,0,0,1,4,0,1,0,1,0,0,0,1,1,1,1,0,0,1,1,1,0,0,1,0,0,0,1,0,1,1,0,2,0,0,1,0,0
21051283,0,0,0,0,2,1,2,0,1,1,0,0,1,0,1,1,0,1,1,0,0,2,1,2,0,0,2,1,0,0,0,1,3,0,0,1,0,0,1,0,0,0,1,0,0,0,0,0,0,0,1
21052144,1,2,0,0,0,1,1,2,1,1,1,0,0,1,1,0,2,0,0,0,0,0,2,1,0,1,0,0,0,2,0,1,0,0,0,0,1,0,1,1,0,0,1,0,0,1,0,2,0,0,0
21052275,2,2,0,0,0,0,0,2,0,0,0,1,2,0,0,1,1,2,3,2,0,0,0,1,0,0,0,0,0,2,0,0,1,1,0,0,0,3,0,0,1,0,0,0,0,0,0,1,0,0,0
21052652,3,1,0,0,0,1,0,0,1,0,2,0,3,1,0,0,0,0,1,0,0,1,1,0,2,1,0,0,0,1,0,1,0,0,0,0,0,1,1,0,0,0,2,0,0,0,0,1,0,3,0
21054797,0,0,0,0,0,0,2,0,2,1,0,1,3,1,0,0,1,0,2,0,0,0,0,0,0,1,1,1,0,0,0,0,1,3,1,0,0,0,1,1,0,0,0,0,1,0,3,1,0,0,0
21081242,0,1,2,5,1,1,2,0,0,0,0,1,1,0,0,0,1,1,0,0,0,1,0,0,0,0,0,2,1,1,0,3,1,0,0,0,0,0,0,1,1,0,0,0,0,0,0,0,0,1,0
21107413,2,1,0,0,0,0,0,0,0,0,1,0,0,3,1,0,2,0,0,1,0,0,0,0,0,1,2,0,0,2,0,0,0,0,0,1,2,2,0,0,3,3,0,0,0,0,0,0,0,0,1
21135150,0,0,0,0,0,0,2,0,0,3,2,1,0,1,0,2,0,1,2,1,3,1,0,0,0,0,1,0,0,0,0,0,0,1,1,1,0,0,0,2,1,0,0,0,0,0,0,1,1,0,0
21181346,0,0,2,0,0,0,0,1,0,0,0,1,0,1,0,0,0,1,1,1,0,1,0,0,1,1,0,0,0,2,0,0,1,1,0,0,0,1,0,0,0,0,10,0,0,0,0,0,2,0,0
21312995,0,0,0,0,0,0,0,0,0,0,0,0,0,0,0,0,0,0,0,0,0,0,0,0,1,0,0,2,0,1,3,1,1,0,0,0,2,0,0,0,0,2,1,1,1,3,0,2,2,4,1
21313042,0,0,0,0,0,0,0,0,0,0,3,1,1,1,2,0,0,2,0,2,1,0,0,1,1,0,4,1,0,0,1,1,1,0,0,0,0,1,1,0,0,0,0,0,0,0,1,1,1,0,0
21313211,0,0,0,0,0,0,0,0,0,0,0,0,2,1,2,1,0,1,4,0,0,0,1,0,1,0,0,0,0,0,0,0,3,0,0,2,2,0,2,1,1,0,0,1,0,0,1,0,1,1,0
21313416,0,0,0,0,0,0,0,0,0,0,0,0,0,0,2,2,0,3,0,0,2,0,0,2,1,0,2,0,0,1,2,1,1,1,1,0,0,2,0,0,0,1,0,1,1,0,0,2,0,0,0
21313793,0,0,0,0,0,0,0,0,0,0,0,0,0,0,1,1,0,1,0,0,0,0,0,1,1,1,0,1,2,2,1,0,0,6,0,1,1,0,0,2,0,0,2,1,1,1,0,0,1,0,0
21046236,0,0,0,0,0,1,5,0,0,0,2,1,0,2,1,0,0,1,2,0,0,0,0,0,0,3,2,1,0,0,0,0,0,0,0,0,0,1,1,0,3,0,1,1,0,0,0,0,1,0,0
21050255,2,2,1,4,0,0,0,2,0,1,1,0,0,1,0,0,0,0,0,1,2,0,1,0,0,0,1,0,0,1,0,0,0,0,0,0,0,0,2,0,0,0,2,0,0,0,1,1,1,2,0
21053202,0,1,0,0,0,0,0,0,0,3,0,1,1,0,2,0,0,2,0,0,0,0,1,0,0,0,0,0,0,0,0,0,0,0,1,0,0,0,1,0,2,4,1,2,4,0,0,2,0,1,0
21056539,1,0,0,1,0,0,0,2,0,1,0,0,0,0,1,2,3,0,2,0,1,2,0,0,1,1,0,0,0,0,0,1,1,0,0,0,0,0,1,0,1,1,0,0,0,0,2,0,0,4,0
21061883,0,3,0,2,2,3,3,1,0,0,0,0,0,0,0,2,1,0,2,0,0,2,0,0,0,0,2,1,0,1,0,1,0,1,0,0,0,0,0,0,0,0,0,0,0,0,0,1,1,0,0
21063138,0,0,1,0,0,0,0,0,1,2,3,0,2,1,0,0,2,0,2,1,0,0,0,1,0,0,1,0,1,1,0,0,0,1,0,3,0,1,1,0,0,0,0,1,1,1,0,0,1,0,0
21065066,0,2,0,0,1,0,0,0,2,3,1,0,1,5,1,0,0,1,1,1,2,0,1,1,0,0,0,0,0,0,2,0,0,0,0,0,0,0,1,1,0,0,0,1,0,0,0,0,1,0,0
21067085,0,0,0,0,0,0,0,0,0,3,0,0,0,1,0,1,3,0,1,0,1,1,1,2,3,0,0,0,1,2,0,1,1,0,0,1,0,1,0,0,0,2,0,0,0,0,0,0,0,3,0
21070702,0,0,0,0,0,0,0,0,0,0,3,1,0,0,0,1,4,2,2,1,0,0,0,0,0,0,1,0,2,1,0,1,1,0,1,2,0,0,0,1,0,0,0,1,0,0,0,0,1,3,0
21086286,1,0,0,0,0,0,0,3,0,0,2,0,0,0,2,1,0,2,0,0,1,2,0,0,1,0,0,0,0,2,0,1,0,0,0,1,2,0,2,3,1,0,0,0,0,1,0,0,1,0,0
21091640,1,1,0,0,0,0,0,0,0,3,1,5,2,3,0,0,1,1,1,1,1,1,1,0,0,1,0,0,0,2,0,0,0,0,0,0,0,0,0,1,0,0,0,0,1,0,0,0,1,0,0
21181873,0,0,0,0,0,0,0,0,0,0,0,1,0,2,4,0,4,5,0,1,0,0,0,0,1,1,2,0,0,1,1,0,0,0,0,0,1,0,0,0,1,0,1,0,0,1,0,0,0,0,2
21312500,0,0,0,0,0,0,0,2,3,0,3,2,0,0,0,0,2,0,0,0,0,0,0,0,0,2,2,0,0,0,0,1,1,0,0,0,0,1,2,0,4,0,1,0,0,1,1,0,1,0,0
21313383,0,0,0,0,0,0,0,0,0,2,0,1,0,0,0,2,0,1,0,0,0,0,1,0,0,1,2,0,1,2,0,0,1,2,0,1,1,0,2,2,2,1,0,1,0,0,1,1,0,1,0
90587090,0,0,0,0,0,0,0,0,0,0,0,0,0,0,0,0,0,0,0,0,0,0,0,0,1,0,1,0,1,0,1,2,0,3,0,0,1,0,7,3,0,3,3,1,1,0,0,0,0,0,1
19021302,0,0,0,0,0,0,0,0,0,0,0,0,0,0,0,0,0,0,0,0,0,0,0,0,0,0,1,5,4,3,0,0,0,0,0,1,1,3,0,1,0,0,1,1,4,0,2,0,2,0,1
21019490,0,0,0,0,0,0,0,0,0,0,0,0,0,0,0,0,0,0,0,0,1,0,1,1,0,0,1,1,4,0,1,0,0,0,0,0,3,2,1,2,2,0,0,0,0,1,1,0,1,1,6
21024251,0,0,0,0,0,0,0,0,0,0,1,2,1,0,1,1,0,0,2,0,1,0,1,0,1,1,0,0,1,1,0,0,0,0,1,0,3,0,1,0,2,0,1,1,0,1,1,2,1,2,0
21029788,0,0,0,0,0,0,0,0,0,0,0,0,0,0,0,0,0,0,1,0,0,0,0,0,0,1,0,1,0,0,1,2,0,0,0,0,3,0,4,0,2,0,2,4,4,4,0,0,1,0,0
21030387,0,0,0,0,0,0,0,0,0,0,0,0,0,0,0,0,0,0,0,0,0,0,0,0,0,0,0,0,1,0,0,1,0,2,0,0,1,2,0,0,2,0,2,2,3,1,1,0,8,3,1
21033751,0,0,2,0,0,0,0,1,3,0,0,2,3,0,0,1,0,1,2,1,0,0,0,1,1,0,0,1,0,1,0,2,0,1,0,0,0,0,0,0,1,0,1,0,0,0,1,0,0,2,2
21034006,0,0,0,0,2,0,0,0,0,3,1,0,2,0,0,0,5,0,0,0,0,1,0,0,0,1,0,0,1,1,2,0,2,0,0,0,2,1,1,1,0,2,0,0,0,0,0,0,0,1,1
21034066,2,0,2,0,0,0,2,1,1,0,0,0,0,3,0,0,0,3,0,0,1,0,2,1,0,0,1,0,0,0,1,0,1,0,0,0,0,0,0,0,2,1,1,1,0,0,0,0,2,2,0
21052125,2,1,2,3,0,0,0,1,0,0,0,0,1,2,0,0,3,2,1,1,0,0,1,2,2,0,0,0,0,0,0,2,0,0,0,0,0,0,0,0,0,1,0,0,0,0,0,1,2,0,0
21055177,0,1,2,2,0,0,0,0,0,1,4,2,0,0,1,0,1,3,0,0,0,0,0,0,1,1,0,0,0,0,0,1,0,0,1,0,1,1,1,1,0,0,1,1,0,1,1,0,0,1,0
21056677,1,2,1,1,1,2,1,3,0,1,0,0,0,0,0,0,4,0,2,0,0,1,0,0,0,0,0,0,1,1,0,4,0,0,0,0,0,0,0,0,2,0,0,0,0,0,1,0,1,0,0
21059275,0,2,1,1,0,3,0,3,0,1,0,0,2,1,2,0,1,0,1,0,1,0,0,1,0,1,1,0,0,0,0,0,1,0,0,1,0,1,0,0,2,0,0,1,1,0,0,0,0,1,0
21067084,0,0,0,0,1,1,1,2,0,1,0,1,0,1,0,3,0,0,0,2,1,0,0,1,1,1,1,0,0,0,0,0,0,1,1,1,4,0,0,1,0,1,1,0,0,0,0,0,0,0,2
21088598,0,1,0,0,3,4,1,1,1,0,1,1,1,0,0,1,0,0,0,1,0,2,0,0,0,0,1,1,1,0,3,1,0,0,0,0,0,0,0,0,0,0,0,0,0,0,1,2,0,2,0
21134232,0,0,0,0,0,0,0,0,2,1,0,2,0,1,1,3,1,1,0,0,0,2,0,0,0,2,0,0,0,0,1,0,0,2,1,0,0,0,1,1,0,2,2,1,0,1,0,0,0,2,0
21135151,0,0,1,0,0,0,0,1,0,2,5,0,2,0,0,1,1,1,3,1,1,0,0,0,0,0,0,0,0,2,1,0,0,1,1,0,2,1,0,0,0,0,0,0,0,1,0,1,0,1,0
21312143,0,0,0,0,1,0,3,2,2,4,0,2,0,1,0,0,0,2,1,1,1,1,0,0,0,0,1,0,0,2,0,0,0,0,0,0,0,0,0,0,0,3,0,0,0,0,2,1,0,0,0
21312172,0,0,0,0,0,0,2,4,2,0,1,2,2,1,1,2,0,2,0,0,0,1,0,0,0,0,0,0,0,1,1,0,1,2,1,2,0,0,0,1,0,0,0,0,0,0,0,0,1,0,0
21312277,0,0,0,0,0,1,0,0,1,2,0,4,0,0,2,0,1,1,2,0,2,0,3,3,0,0,0,1,0,0,0,0,0,0,0,2,0,0,1,0,0,0,1,0,1,0,0,0,0,2,0
21312883,0,0,0,0,0,0,0,0,0,0,0,0,0,0,0,0,0,2,1,2,4,0,1,0,0,0,1,2,0,1,1,2,1,0,1,1,1,0,0,2,1,1,0,0,0,0,0,2,0,2,1
21313369,0,0,0,0,0,0,0,0,0,1,2,0,0,0,1,1,0,2,0,0,0,1,1,3,0,1,2,0,3,0,0,2,1,0,0,1,0,3,1,0,1,0,1,0,0,1,0,0,1,0,0
21314513,0,0,0,0,0,0,0,0,0,0,0,0,0,0,0,0,0,0,0,0,0,0,0,0,0,0,0,2,0,0,0,0,1,1,0,0,0,0,1,0,2,2,4,6,1,2,0,1,4,0,3
21314565,0,0,0,0,0,0,0,0,0,0,0,0,0,0,0,0,3,0,0,2,2,0,1,1,0,0,0,0,4,0,2,0,0,0,1,1,4,0,0,1,0,0,0,1,3,1,0,0,1,2,0
90479789,0,0,0,0,0,0,0,0,0,0,0,0,0,0,0,0,0,0,0,0,0,0,1,1,0,0,0,0,6,0,0,0,0,1,1,1,1,0,1,2,2,0,2,0,2,1,2,0,3,0,3
90584662,0,0,0,0,0,0,0,0,0,0,0,0,0,0,0,0,0,0,0,0,0,0,2,0,0,1,0,0,1,1,0,4,1,0,1,4,3,0,0,0,0,0,4,0,1,2,0,2,1,1,1
90596642,0,0,0,0,0,0,0,0,0,0,0,0,0,0,0,0,0,0,0,0,2,0,0,0,0,0,2,0,0,2,0,0,0,0,4,2,2,0,2,0,0,2,0,4,2,2,0,0,2,2,0
90606250,0,0,0,0,0,0,0,0,0,0,0,0,0,0,0,0,0,0,0,0,0,0,0,1,0,1,0,2,0,0,1,2,0,0,3,4,0,1,3,1,0,1,2,0,1,2,1,1,2,0,1
90606392,0,0,0,0,0,0,0,0,0,0,0,0,0,0,0,0,0,0,0,1,1,0,2,0,0,0,1,0,1,1,0,2,1,0,0,1,0,3,2,0,2,2,2,1,0,1,2,0,2,0,2
21019345,4,2,0,2,0,2,0,0,0,0,0,0,0,0,0,0,0,1,0,0,0,1,0,0,1,0,0,0,0,0,0,0,0,4,1,1,0,4,0,2,0,4,0,0,0,0,0,0,0,1,1
21030204,0,0,0,0,0,0,0,0,0,0,0,0,0,0,0,0,0,0,0,0,2,0,0,0,3,0,1,0,1,0,1,0,3,0,3,1,4,1,1,0,0,1,1,0,0,0,0,1,2,3,2
21046543,0,0,1,2,1,0,3,2,0,1,0,1,2,0,0,0,0,0,0,0,4,1,2,0,0,0,2,0,0,2,0,0,0,0,1,0,0,2,0,0,0,1,0,0,2,0,0,0,0,0,1
21048955,0,2,2,0,0,0,1,1,1,0,1,0,0,2,0,1,0,2,0,3,3,1,1,0,0,0,0,0,1,0,2,0,0,1,0,0,0,0,1,0,2,1,0,0,0,1,0,0,0,1,0
21050468,1,2,0,1,0,0,1,0,0,1,0,1,1,0,0,1,2,2,0,2,1,1,1,0,2,1,1,0,0,0,0,0,1,0,0,1,0,1,1,0,2,0,0,2,0,0,0,0,0,0,1
21050508,2,0,0,0,0,1,0,0,1,4,1,2,0,2,0,0,0,0,0,0,0,1,0,0,1,0,1,0,2,2,0,3,0,0,3,0,0,0,1,0,0,0,0,1,0,0,2,0,1,0,0
21058783,3,4,4,2,0,0,3,3,1,2,0,0,0,0,0,2,0,0,0,2,1,1,1,0,0,0,0,0,0,0,1,0,0,0,0,0,0,0,0,0,0,0,0,0,0,0,0,1,0,0,0
21060135,0,0,0,2,1,2,1,0,1,2,0,1,0,0,0,1,3,1,0,1,0,0,2,0,2,3,0,0,0,0,0,1,0,0,0,0,2,1,0,0,0,0,0,1,0,0,1,0,1,1,0
21311669,0,0,0,0,0,0,0,0,0,0,1,1,0,0,0,1,0,0,0,1,0,0,0,0,4,0,1,2,0,0,0,3,0,2,0,0,0,1,2,2,1,1,0,1,1,2,0,0,2,1,1
21312142,0,0,0,0,0,0,0,2,2,1,1,1,0,0,2,0,1,0,2,0,1,3,0,2,2,2,1,1,0,0,1,0,0,0,0,0,0,0,3,1,0,0,0,0,0,0,0,1,1,0,0
21312253,0,0,0,0,0,0,1,1,0,0,0,3,1,3,3,2,1,0,1,0,0,1,0,0,0,0,0,3,1,1,0,1,2,0,0,0,1,1,0,0,2,0,0,0,0,1,0,0,0,1,0
21314143,0,0,0,0,0,0,0,0,0,0,0,0,0,0,0,0,0,0,0,0,2,0,0,0,0,0,2,3,1,0,0,3,1,3,0,0,1,0,0,1,1,1,0,1,0,1,1,4,1,3,1
21314242,0,0,0,0,0,0,0,0,0,0,0,0,0,0,0,0,0,0,0,0,0,0,0,0,0,0,2,0,0,0,1,0,1,4,0,0,3,1,0,0,1,0,2,6,2,5,0,3,0,0,0
90451461,0,0,0,0,0,0,0,0,0,0,0,0,0,0,0,0,0,0,0,0,1,0,2,0,0,0,0,0,0,1,2,3,1,0,2,2,3,2,0,1,2,4,0,2,0,1,0,1,1,0,0
90497235,0,0,0,0,0,0,0,0,0,0,0,0,0,0,0,0,0,0,0,0,0,1,1,0,0,0,0,1,1,0,0,3,0,0,1,0,4,0,0,3,0,2,4,0,1,1,0,2,2,2,2
90583512,0,0,0,0,0,0,0,0,0,0,0,0,0,0,0,0,0,0,0,0,1,1,0,3,1,1,0,0,0,0,0,2,2,2,0,1,1,1,0,0,1,0,0,1,2,0,1,6,0,3,1
90596055,0,0,0,0,0,0,0,0,0,0,0,0,0,0,0,0,0,0,0,0,0,0,1,2,0,0,0,6,3,0,1,0,2,0,3,0,0,1,2,0,0,2,0,2,0,0,1,0,1,4,0
21030397,0,0,0,0,0,0,0,0,0,0,0,0,0,0,0,0,0,0,0,1,3,0,1,2,3,1,0,2,3,4,0,1,0,1,0,1,2,0,1,0,0,2,0,0,0,0,2,0,2,0,0
21034595,0,2,0,0,2,2,0,1,0,0,0,0,0,0,0,2,2,3,0,1,0,1,0,0,0,0,1,1,0,0,1,1,0,0,0,1,3,0,0,0,0,1,0,1,1,0,0,0,1,1,3
21034606,0,0,0,0,0,0,0,1,0,1,0,0,0,0,6,0,0,1,1,3,0,0,1,0,1,1,1,1,0,1,0,2,1,0,0,0,0,0,0,2,1,0,0,2,0,1,0,0,1,3,0
21036207,0,0,0,0,0,0,0,0,0,0,0,0,0,0,0,0,0,0,0,0,0,0,0,0,0,0,1,0,0,1,0,0,1,0,0,3,0,0,0,0,1,2,1,0,1,8,7,1,2,2,1
21048364,1,1,6,0,2,1,0,0,1,2,0,0,2,1,0,0,1,0,0,2,0,0,0,0,0,0,1,1,0,0,1,2,0,0,0,1,0,0,0,2,1,0,2,0,0,0,0,0,0,1,0
21052274,2,1,0,0,2,1,2,4,0,2,0,1,2,0,0,1,1,1,0,2,0,0,0,2,1,0,0,0,0,2,0,0,1,1,0,0,0,1,0,0,1,0,0,0,0,0,0,1,0,0,0
21064872,1,0,0,0,0,0,0,0,0,0,3,1,1,1,0,0,0,2,0,0,0,1,0,0,1,0,0,1,2,0,0,1,1,2,0,0,0,0,0,3,1,2,2,0,2,1,0,1,0,1,1
21106416,4,1,5,0,2,1,0,1,0,1,0,1,0,0,1,1,1,0,0,0,0,1,0,1,1,1,0,0,0,0,0,0,1,0,0,2,0,1,0,0,0,0,1,2,1,0,0,0,1,0,0
21181914,0,0,0,0,0,0,0,0,0,0,0,1,2,1,6,0,4,5,0,1,2,0,1,0,0,0,0,0,0,1,3,3,0,0,0,0,0,1,0,0,0,0,0,0,0,0,0,0,0,1,0
21312182,0,0,0,0,0,0,0,4,0,0,0,2,4,3,0,0,0,3,0,3,0,0,0,1,0,1,1,1,0,1,2,1,0,0,0,0,0,0,1,0,0,0,0,0,0,1,1,0,2,0,0
21312885,0,0,0,0,0,0,0,0,0,0,0,0,0,0,0,0,2,0,0,0,0,1,0,0,2,0,0,1,1,0,1,1,0,4,4,1,0,0,2,1,3,1,0,0,2,2,0,2,0,1,0
21312895,0,0,0,0,0,0,0,0,0,0,0,0,0,1,2,1,0,0,0,0,3,2,1,3,0,2,1,0,0,1,2,1,1,0,0,0,0,0,3,2,1,2,0,1,0,0,1,0,0,0,1
21314039,0,0,0,0,0,0,0,0,0,0,0,0,0,0,0,0,0,0,0,0,0,0,0,0,1,0,2,0,0,0,1,3,2,0,2,0,2,0,0,1,2,3,3,0,2,1,2,2,3,0,0
21314119,0,0,0,0,0,0,0,0,0,0,0,0,0,0,0,0,0,0,0,0,0,0,0,0,0,0,4,2,0,0,0,1,1,2,2,4,2,2,1,0,0,1,0,1,1,0,1,2,1,2,2
21315977,0,0,0,0,0,0,0,0,0,0,0,0,0,0,0,0,0,0,0,0,1,1,0,0,1,0,0,0,0,0,0,0,0,0,2,2,0,2,2,0,2,0,4,2,0,0,5,2,3,1,2
90548704,0,0,0,0,0,0,0,0,0,0,0,0,0,0,0,0,0,0,0,0,0,0,0,0,2,1,0,1,0,1,0,0,1,0,0,1,0,1,1,0,7,3,2,0,2,1,0,2,4,1,1
11108201,0,0,0,0,0,0,0,0,0,0,0,0,0,0,0,0,0,0,0,0,0,0,0,1,1,1,2,0,0,0,0,3,0,5,1,4,5,1,0,1,0,1,0,2,0,1,1,1,1,0,1
21019487,0,0,0,0,0,0,0,0,0,0,4,0,0,0,0,0,0,0,1,0,0,0,0,0,1,0,2,0,0,0,0,0,0,0,0,0,2,2,8,1,2,0,3,0,0,4,0,0,2,1,0
21030210,0,0,0,0,0,0,0,0,0,0,0,0,0,0,0,0,0,0,0,1,0,0,0,0,3,0,1,0,2,0,8,0,2,0,4,0,0,0,0,0,0,2,0,0,1,0,1,0,1,1,6
21035397,0,2,0,2,2,0,0,0,0,2,4,0,0,0,1,0,0,0,0,1,2,0,0,0,0,0,0,0,0,1,0,1,0,0,0,0,1,0,0,1,2,2,2,3,1,2,0,0,0,0,1
21042114,0,0,0,2,0,0,0,0,0,0,0,0,0,2,0,0,2,1,2,0,0,0,0,0,0,1,0,0,0,3,4,0,1,1,1,1,2,1,0,0,1,0,3,1,1,0,2,1,0,0,0
21046680,0,0,7,2,1,0,0,0,0,0,0,2,0,1,0,1,0,0,1,0,0,0,1,0,0,0,0,0,4,0,6,2,0,0,0,0,0,0,0,2,1,0,0,0,1,0,0,1,0,0,0
21049285,0,2,1,0,0,0,3,0,2,0,2,3,0,2,1,1,0,1,1,0,0,2,0,0,0,1,0,0,0,0,0,1,0,0,0,5,3,0,0,0,0,0,0,0,0,0,1,0,1,0,0
21049966,0,4,0,2,0,0,2,0,4,2,0,0,0,0,0,0,0,2,0,5,0,0,0,0,2,0,0,0,0,0,0,0,0,0,0,2,0,0,2,2,0,0,2,0,0,0,0,0,0,2,0
21051373,1,0,1,3,0,0,3,1,2,0,0,2,1,0,0,1,1,0,0,0,2,0,1,0,0,0,2,0,0,1,0,0,1,0,3,2,0,0,0,0,0,0,3,0,0,0,0,1,0,0,1
21054643,0,2,1,1,0,0,0,2,0,0,2,3,0,0,1,0,0,3,0,1,0,0,4,0,0,0,2,0,0,0,0,0,1,0,0,2,0,0,1,2,2,0,0,0,1,0,0,1,0,1,0
21071150,0,0,0,0,0,0,0,0,0,0,0,0,0,0,0,0,0,0,0,0,0,0,1,0,0,3,0,0,0,1,3,1,0,3,0,1,2,2,2,0,3,0,1,0,1,5,0,1,2,1,0
21081241,0,1,0,0,0,0,3,1,0,0,0,0,0,0,1,0,4,2,0,0,0,0,0,2,1,1,0,2,1,2,0,1,0,0,0,1,1,0,0,0,0,1,0,1,2,0,0,2,2,0,1
21104726,1,3,0,1,0,1,1,0,0,0,1,1,0,0,0,0,0,0,2,2,3,0,0,0,2,0,0,0,0,0,2,2,1,0,0,0,1,0,0,0,0,2,2,0,0,0,0,1,1,3,0
21109573,0,0,1,3,0,0,0,1,0,0,1,0,0,0,1,3,0,1,1,0,0,0,0,1,0,1,0,2,0,1,1,1,1,3,0,0,3,1,0,0,1,0,0,0,3,0,0,0,2,0,0
21137118,0,0,0,0,0,0,0,1,0,4,1,0,0,4,1,0,1,0,0,0,0,1,1,0,0,2,1,0,1,1,1,4,1,0,0,1,0,0,0,1,0,0,1,2,1,0,1,0,0,0,1
21315082,0,0,0,0,0,0,0,0,0,0,0,0,0,0,0,0,0,0,0,0,0,0,1,0,1,0,0,0,1,3,0,1,0,0,0,0,0,0,0,1,2,1,2,1,4,1,1,4,4,3,2
90374976,0,0,0,0,0,0,0,0,0,0,0,0,0,0,0,0,0,0,0,0,1,0,0,0,0,1,0,1,0,1,2,0,0,2,3,0,1,0,0,4,2,2,1,0,1,2,5,0,4,0,0
90520018,0,0,0,0,0,0,0,0,0,0,0,0,0,0,0,0,0,0,0,0,0,0,2,1,1,0,0,1,2,1,1,6,0,0,0,4,1,1,2,1,1,0,1,0,0,1,1,0,1,2,2
90606270,0,0,0,0,0,0,0,0,0,0,0,0,0,0,0,0,0,0,0,0,0,0,1,2,0,1,0,1,0,0,1,2,1,1,1,1,0,2,2,1,0,1,3,2,0,1,2,2,1,2,2
90606339,0,0,0,0,0,0,0,0,0,0,0,0,0,0,0,0,0,0,0,0,0,0,0,0,0,0,1,0,0,0,0,4,6,4,0,0,0,1,1,0,1,0,1,2,0,1,1,3,4,3,0
21023689,0,2,1,1,0,2,0,0,1,10,2,1,0,0,2,0,0,2,0,0,1,0,0,0,0,0,0,0,0,0,3,1,0,0,0,0,1,0,0,0,1,0,1,0,1,0,0,0,1,0,0
21035443,0,0,0,0,0,0,0,0,0,0,0,0,0,0,0,0,0,0,0,0,2,1,2,2,0,2,1,2,1,0,2,1,3,1,0,0,0,1,3,1,0,0,0,0,1,3,1,2,1,1,0
21035823,0,0,0,0,0,0,0,0,2,3,0,0,2,0,1,0,0,0,1,0,0,2,0,0,0,0,3,1,0,0,3,4,1,3,1,0,0,3,1,0,0,0,1,0,0,0,1,0,0,0,1
21060162,0,0,1,1,4,1,0,1,1,0,2,3,2,4,0,1,3,0,0,0,1,1,1,0,0,0,0,0,1,1,0,0,0,0,0,2,0,0,0,0,0,0,0,0,0,0,1,0,0,2,0
21086772,0,1,0,0,0,0,7,2,1,4,1,0,3,1,0,1,1,1,1,0,0,0,3,0,0,0,1,1,0,0,0,0,0,0,0,1,1,1,0,1,0,0,0,0,0,0,0,0,1,0,0
21108027,0,0,2,0,1,2,1,0,0,1,1,0,1,1,1,0,0,1,2,2,3,2,0,0,2,0,1,1,3,0,0,0,1,1,0,0,0,0,0,0,0,1,0,1,0,1,0,0,0,0,1
21312893,0,0,0,0,0,0,0,0,0,0,0,0,0,0,0,0,0,0,0,2,0,2,0,1,0,0,5,4,2,1,0,2,1,0,2,2,0,0,1,1,2,0,0,0,0,1,0,1,1,3,0
21313795,0,0,0,0,0,0,0,0,0,0,0,1,0,0,0,0,0,2,3,0,0,0,1,0,0,1,0,0,0,2,1,1,0,2,2,0,1,0,0,0,0,0,2,1,2,1,2,0,1,6,2
21314137,0,0,0,0,0,0,0,0,0,0,0,0,0,0,0,0,0,0,0,0,0,0,0,0,0,0,0,0,1,0,0,1,1,1,1,0,1,0,1,3,0,6,1,3,0,6,0,1,2,2,3
90374971,0,0,0,0,0,0,0,0,0,0,0,0,0,0,0,0,0,0,0,0,2,0,1,0,0,0,1,2,2,0,0,1,3,4,1,0,2,3,0,0,0,3,0,1,1,0,3,0,4,0,0
90480890,0,0,0,0,0,0,0,0,0,0,0,0,0,0,0,0,0,0,0,0,0,0,2,0,0,2,0,0,0,2,0,3,2,1,2,1,5,0,2,0,0,2,0,0,1,2,2,2,0,1,2
90596174,0,0,0,0,0,0,0,0,0,0,0,0,0,0,0,0,0,0,0,0,0,1,1,0,1,0,1,6,0,3,2,3,1,1,2,2,1,0,1,1,2,0,0,1,1,1,1,0,1,0,0
21033411,1,1,0,0,1,1,3,0,0,2,0,1,0,1,2,1,0,0,0,1,0,1,0,2,0,0,1,1,0,0,0,2,0,0,0,0,2,0,1,1,0,1,2,0,0,2,0,1,2,1,0
21034212,4,1,2,0,0,3,0,0,0,0,0,1,0,0,3,1,1,0,1,0,2,1,0,1,3,2,1,0,1,0,0,1,3,0,1,0,0,0,0,0,0,0,0,0,0,0,0,0,1,0,1
21034465,1,0,1,0,1,4,1,0,0,4,2,0,0,0,0,0,1,0,1,0,3,1,1,1,1,0,0,0,0,1,0,2,0,0,0,0,0,1,2,2,1,0,0,0,0,2,0,0,0,0,1
21034832,1,1,3,0,0,0,2,0,1,0,3,1,1,1,0,1,0,0,0,0,1,0,1,2,0,1,1,0,0,1,2,1,3,0,0,0,0,0,0,0,1,3,0,0,0,2,0,0,0,1,0
21041477,1,3,1,1,0,2,1,0,1,0,1,3,0,1,0,0,0,1,0,2,0,0,0,3,0,1,1,1,0,0,0,0,0,0,1,0,1,0,1,2,0,0,1,0,0,1,3,0,0,0,1
21046542,3,2,0,2,1,2,0,0,0,0,0,2,1,1,1,0,0,0,3,1,0,2,1,0,1,0,0,1,2,0,0,0,0,0,1,0,0,0,0,1,1,2,0,0,0,0,3,0,0,1,0
21050730,2,2,1,3,0,2,1,1,0,0,0,0,0,2,1,2,1,0,1,0,0,0,0,2,0,0,0,0,0,0,3,0,1,0,2,0,0,0,1,1,0,0,1,1,1,1,0,1,0,1,0
21051412,0,0,1,2,0,0,3,3,2,2,0,0,2,1,1,1,0,0,0,1,0,0,0,3,0,0,1,2,0,0,0,1,0,5,0,1,1,0,0,0,0,0,0,0,0,0,0,0,0,1,1
21056728,1,2,1,2,0,1,2,0,0,0,1,2,0,1,1,1,4,0,1,0,0,1,1,0,3,0,1,0,0,0,0,0,0,1,0,1,1,0,0,0,0,2,1,0,0,0,0,1,0,1,1
21057598,2,2,3,0,1,4,1,3,0,3,0,0,1,0,0,0,0,0,2,1,1,2,0,0,1,0,1,0,0,0,0,0,0,1,1,0,0,1,0,0,0,2,0,0,0,0,0,0,0,2,0
21058335,1,3,2,0,0,0,4,1,1,1,3,0,0,2,0,1,1,2,0,2,0,0,1,0,1,2,0,1,0,0,0,1,0,0,0,0,0,0,1,1,0,2,0,0,0,0,0,0,1,0,0
21068609,0,2,2,1,0,1,1,0,1,1,0,1,0,0,0,2,1,0,1,2,0,2,0,4,2,0,2,0,0,0,0,1,0,3,1,0,2,0,0,0,0,0,0,0,1,0,0,1,0,0,0
21104649,4,0,0,3,0,0,0,0,0,0,1,2,0,2,1,0,0,0,0,1,0,0,0,0,0,0,0,1,0,1,0,0,1,0,0,2,1,7,1,1,1,0,0,0,0,0,3,1,0,1,0
21109572,1,1,0,0,0,0,1,0,0,0,1,1,0,0,0,1,0,0,0,2,0,0,0,0,1,0,0,0,4,0,2,1,0,0,0,3,1,1,2,1,0,2,0,1,1,2,0,2,1,1,1
21122594,0,0,0,0,0,0,0,0,0,0,0,0,0,0,1,1,0,1,0,2,1,0,0,1,0,0,1,0,0,1,1,1,4,3,1,0,0,2,0,2,2,2,1,1,1,0,1,1,2,0,1
21181917,0,0,0,0,0,0,0,0,0,0,0,0,0,1,0,1,0,0,0,0,0,0,0,0,0,0,1,0,1,0,3,0,1,1,2,0,0,0,2,0,1,0,0,0,9,1,2,0,7,1,1
21311467,0,0,0,0,0,0,0,0,0,2,2,1,4,4,2,1,0,0,0,0,2,0,0,2,0,1,3,0,0,0,0,0,0,0,2,3,0,1,0,0,0,1,0,0,0,1,1,1,0,0,1
21312214,0,0,0,0,0,0,0,0,4,3,0,0,0,2,2,0,1,1,1,1,0,0,0,0,0,0,0,0,1,2,2,3,1,0,0,1,0,2,1,1,0,3,0,0,0,2,0,1,0,0,0
21312252,0,0,0,0,1,1,0,0,1,2,0,0,1,0,1,0,0,1,1,1,5,2,1,1,0,1,2,0,1,2,0,0,0,0,0,0,1,1,1,1,0,0,0,0,0,1,1,0,2,2,0
21312845,0,0,0,0,0,0,0,0,0,0,0,0,1,4,3,0,0,1,0,1,3,0,2,1,1,0,0,1,0,2,0,0,0,0,2,2,0,0,0,4,0,0,0,0,1,4,0,0,1,0,1
21314375,0,0,0,0,0,0,0,0,1,3,0,1,0,1,1,0,0,0,0,1,2,3,1,0,0,1,0,0,0,1,2,0,2,1,1,0,2,3,1,1,0,0,2,0,0,1,1,0,1,0,1
90522961,0,0,0,0,0,0,0,0,0,0,0,0,0,0,0,0,0,0,0,0,0,1,1,0,0,2,1,1,0,1,0,2,0,2,2,1,2,3,2,0,0,1,2,1,0,4,3,1,1,0,1
90551002,0,0,0,0,0,0,0,0,0,0,0,0,0,0,0,0,0,0,0,0,1,0,3,0,1,0,0,4,0,0,2,2,0,0,0,3,1,2,0,0,0,0,4,0,3,2,0,0,4,0,3
11067321,0,0,0,0,0,0,0,0,0,0,0,0,0,0,0,0,1,0,0,0,0,0,0,0,0,0,0,1,0,0,0,1,0,0,0,0,0,9,0,3,3,3,0,8,0,5,1,0,0,0,1
21017259,1,1,3,2,0,0,2,5,1,0,3,0,0,0,0,0,0,1,0,0,0,0,0,1,2,0,1,0,0,0,1,1,0,0,0,0,0,0,0,2,0,0,0,1,1,2,3,2,0,0,0
21022302,2,4,0,0,0,0,0,0,0,0,2,0,0,0,2,0,0,0,0,0,12,0,0,0,0,0,2,0,0,4,2,0,0,0,0,0,0,0,0,0,2,0,0,0,2,0,0,2,0,0,0
21022402,4,0,1,3,0,2,0,0,0,0,1,3,2,1,1,1,0,1,1,2,0,1,0,1,0,1,0,0,0,0,0,0,0,0,1,0,1,0,0,1,2,0,1,0,0,1,0,0,0,1,2
21030721,0,0,0,0,0,0,0,0,0,0,0,0,0,0,0,0,0,0,0,0,0,0,0,0,0,0,0,0,1,1,0,0,0,1,8,2,6,0,0,0,2,1,3,2,0,0,4,3,0,2,0
21033269,3,5,1,0,1,0,3,0,0,0,1,1,0,1,0,2,2,0,0,0,1,1,0,0,0,1,2,0,0,0,3,1,0,0,1,0,0,0,0,0,2,0,1,0,1,0,0,1,0,0,1
21047486,1,3,3,0,0,2,3,1,1,1,2,2,0,2,0,0,4,0,0,0,0,0,1,0,0,0,1,0,0,0,0,0,0,1,1,1,0,0,0,1,0,1,0,0,1,0,0,1,0,0,2
21047887,0,1,2,1,0,0,1,2,2,0,1,0,1,3,0,3,0,0,3,0,1,0,0,0,1,2,1,2,0,0,0,0,0,0,0,1,0,0,1,1,0,1,2,0,0,1,1,0,0,1,0
21050779,0,1,2,1,0,3,1,1,0,1,3,0,6,0,1,2,1,0,0,2,0,0,0,0,0,2,0,2,1,0,2,0,0,1,0,0,0,0,1,1,0,0,0,0,0,0,0,0,0,1,0
21054526,1,1,4,5,0,0,2,1,0,3,1,0,0,0,2,4,0,2,0,0,0,0,0,0,0,0,0,0,6,0,0,0,1,0,2,0,0,0,0,0,0,0,0,0,0,0,0,0,1,0,0
21056468,1,0,1,1,0,0,4,1,0,2,0,0,2,0,1,1,0,0,3,1,1,0,0,2,1,0,0,0,1,0,0,2,0,0,1,0,1,3,0,0,1,0,0,1,1,0,1,0,2,0,0
21067082,0,0,1,0,0,2,2,0,1,0,2,0,1,0,0,0,3,2,1,2,3,0,1,0,0,0,2,0,0,0,1,1,0,1,1,1,2,0,1,0,0,1,0,0,0,1,1,0,1,0,1
21071151,0,0,0,0,0,0,0,0,0,0,0,0,0,0,0,0,0,0,0,0,0,0,0,0,0,0,0,1,0,0,0,2,0,5,1,5,1,0,3,1,1,0,1,2,0,1,0,0,8,2,2
21314263,0,0,0,0,0,0,0,0,0,0,0,0,0,0,0,0,0,0,0,0,0,0,0,0,2,1,1,2,3,0,1,3,0,0,0,0,0,2,3,3,0,0,1,2,0,3,2,1,0,3,3
90581603,0,0,0,0,0,0,0,0,0,0,0,0,0,0,0,0,0,0,1,0,0,0,2,2,0,0,0,1,0,0,2,2,12,1,1,1,2,2,0,0,0,1,0,1,1,1,0,1,0,2,0
90581776,0,0,0,0,0,0,0,0,0,0,0,0,0,0,0,0,0,0,0,0,0,0,0,1,1,5,4,0,0,1,0,0,1,1,0,2,1,0,1,0,5,4,1,2,2,0,0,1,1,0,2
21017975,3,2,4,1,0,2,6,1,0,1,0,0,3,1,0,0,0,1,1,0,1,0,0,0,0,2,0,0,0,2,0,1,2,0,0,0,0,0,0,0,0,1,0,0,0,1,0,0,0,1,0
21023078,0,0,0,3,1,0,0,0,0,1,0,1,0,0,0,1,0,1,1,0,1,1,0,0,0,2,0,1,0,2,5,3,0,0,0,0,0,0,3,1,1,1,0,0,1,1,2,2,1,0,0
21030002,0,0,0,0,0,0,0,0,0,0,0,0,0,0,0,0,0,0,0,0,0,0,0,0,6,0,0,0,0,0,1,2,0,0,3,0,1,2,0,2,0,0,1,0,0,11,2,0,4,2,0
21035362,0,2,0,0,0,2,0,1,1,1,5,0,2,0,0,0,0,0,1,0,0,2,2,0,0,1,0,0,1,0,0,0,1,2,0,0,0,3,1,0,0,1,1,0,1,2,0,2,1,1,0
21035832,0,0,0,0,0,0,0,0,0,0,0,0,0,3,7,2,3,4,1,2,2,1,0,3,0,3,1,2,0,0,0,0,0,0,0,0,0,0,0,0,1,0,0,0,0,1,0,0,0,0,1
21047029,0,1,2,0,1,0,1,2,0,3,2,0,0,3,1,1,0,2,6,1,0,1,1,0,0,0,0,0,0,0,0,0,1,0,2,2,0,0,0,2,0,0,0,0,0,0,0,0,0,0,2
21055155,2,0,0,2,0,0,0,2,3,0,0,0,0,1,0,0,1,2,1,1,1,1,0,0,2,0,2,1,1,0,1,0,2,0,2,1,0,2,0,1,0,0,2,1,1,0,0,0,0,1,0
21058483,0,1,2,2,1,0,1,2,1,2,2,1,0,0,0,0,2,0,0,0,2,3,1,0,1,1,2,1,0,0,0,0,1,0,0,1,1,0,1,0,1,0,0,0,0,2,0,2,0,0,0
21061863,1,3,2,1,5,0,0,1,1,4,0,0,0,0,0,0,2,3,0,1,1,0,2,0,0,0,0,0,0,1,0,0,0,1,0,0,0,0,0,0,1,2,0,0,0,1,0,0,0,0,4
21091923,1,3,3,0,0,2,0,1,3,1,1,0,3,0,0,3,1,0,1,1,2,2,0,1,1,0,0,0,1,0,0,0,0,0,0,0,0,0,1,0,0,1,0,1,1,0,1,1,0,0,0
21314365,0,0,0,0,0,0,0,0,2,0,1,2,0,0,1,0,0,1,0,1,5,2,2,0,1,2,1,2,0,1,0,0,0,0,0,0,2,0,2,0,3,1,0,0,0,3,0,0,0,1,1
90374967,0,0,0,0,0,0,0,0,0,0,0,0,0,0,0,0,0,0,0,0,0,2,1,0,0,0,0,0,0,2,4,4,2,2,0,1,0,0,1,8,0,0,0,2,0,2,2,0,0,3,1
90523906,0,0,0,0,0,0,0,0,0,0,0,0,0,0,0,0,0,0,0,0,0,0,3,0,0,0,1,4,0,0,1,1,1,0,0,5,1,2,0,2,0,0,4,0,3,3,1,0,2,0,3
90549936,0,0,0,0,0,0,0,0,0,0,0,0,0,0,0,0,0,0,0,0,0,0,0,3,0,0,0,0,0,0,4,0,1,2,1,0,1,0,0,0,3,3,4,4,1,4,1,0,0,2,3
90606308,0,0,0,0,0,0,0,0,0,0,0,0,0,0,0,0,0,0,0,2,0,3,1,0,0,0,0,0,0,0,0,2,0,2,0,0,1,0,0,4,4,5,0,0,1,2,2,1,0,6,1
21030043,0,0,0,0,0,0,0,0,0,0,0,0,0,0,0,0,0,0,0,0,0,0,0,0,0,1,0,0,0,0,4,0,0,7,0,0,2,5,1,1,2,0,1,2,7,0,0,0,0,2,3
21031493,0,2,0,1,0,2,3,1,1,1,3,3,0,0,0,1,2,0,1,0,0,0,2,0,0,1,0,0,0,2,1,0,1,0,0,2,1,0,0,0,3,0,0,2,1,0,0,1,0,0,0
21032449,0,0,2,0,0,1,0,0,0,2,0,0,0,0,2,0,0,4,0,2,1,4,2,1,1,0,2,0,2,1,0,0,1,0,0,0,0,3,1,0,1,2,0,0,0,0,0,1,2,0,0
21041478,3,4,1,3,0,0,0,0,0,0,1,4,2,0,1,0,0,1,1,1,1,0,2,0,1,2,2,0,0,0,0,3,1,0,0,0,0,0,0,2,0,0,0,0,0,0,1,0,0,0,1
21046166,2,0,1,7,0,0,4,1,0,0,0,1,1,1,0,0,0,0,1,0,1,0,0,1,2,2,1,0,2,1,0,1,0,0,0,0,0,0,0,0,0,3,1,0,2,0,0,0,0,2,0
21050253,0,3,0,3,1,0,1,3,3,2,0,2,1,0,0,0,1,2,0,0,0,2,0,1,0,1,0,0,0,0,2,4,0,2,0,0,0,0,2,0,0,1,0,0,0,0,0,0,1,0,0
21051411,2,1,3,3,0,0,1,4,0,1,0,1,0,2,0,0,0,4,0,0,0,0,0,2,2,0,0,2,1,1,0,1,0,1,0,0,0,0,0,0,0,2,0,0,1,0,0,0,0,0,3
21062992,2,3,2,1,0,2,2,2,1,0,2,0,2,2,2,3,1,0,0,0,1,0,2,0,0,0,0,0,1,1,0,1,1,0,0,0,0,0,0,0,0,0,0,1,1,0,1,0,1,0,0
21070197,0,0,0,0,0,0,0,0,0,0,0,0,0,0,0,1,2,4,1,1,0,0,0,1,2,2,2,0,0,2,2,1,1,0,3,1,3,0,0,2,4,0,0,1,0,0,0,0,0,1,1
21070205,0,0,0,0,0,0,0,0,0,0,0,0,0,0,0,0,0,0,0,4,1,2,0,2,1,2,2,3,0,0,1,0,2,1,1,0,0,0,2,1,1,0,2,2,2,3,0,1,2,0,0
21072193,0,0,0,0,0,0,0,0,0,0,0,0,0,0,0,0,0,0,0,0,1,2,2,2,0,5,6,2,2,0,0,0,0,0,0,1,3,0,2,0,0,1,3,0,1,0,0,0,5,0,0
21123527,0,0,0,0,0,0,0,0,0,0,0,0,0,0,0,0,0,0,0,0,0,0,0,0,0,0,0,4,1,6,5,1,0,0,1,2,0,0,0,1,1,2,2,2,2,2,3,0,0,1,2
21137098,3,0,0,0,3,0,0,0,1,2,1,0,3,0,4,1,4,0,1,2,0,2,1,0,0,0,0,0,2,1,0,0,0,0,0,0,0,0,2,0,1,0,1,1,1,0,0,1,0,0,0
21050466,1,2,0,1,2,0,1,0,0,1,0,1,1,0,0,1,4,3,1,0,2,1,1,0,1,1,1,0,1,0,0,0,0,0,0,0,0,1,1,1,3,0,1,4,0,0,0,0,0,0,1
21050795,0,6,0,1,2,3,1,1,1,1,0,1,0,1,1,0,2,0,0,1,1,0,4,0,0,1,1,2,0,1,0,1,1,0,0,0,0,0,1,0,1,1,1,0,0,0,0,0,0,1,0
21051064,0,1,2,3,2,1,0,0,0,1,2,1,0,0,1,6,1,1,0,1,0,1,0,1,1,1,2,0,0,0,2,0,0,0,1,0,1,1,1,1,0,1,0,0,1,0,0,1,0,0,0
21053571,2,0,2,2,1,1,1,2,3,1,0,0,0,1,0,0,0,1,1,4,1,0,1,0,4,0,1,1,0,0,0,1,0,1,1,1,0,1,0,0,1,0,1,0,0,0,0,0,1,0,1
21091858,3,0,4,0,4,1,0,2,0,1,1,2,0,3,0,0,2,0,0,0,2,0,1,1,0,0,1,1,1,0,0,2,0,0,0,0,1,0,2,0,0,0,0,1,1,0,0,0,1,1,0
21029644,0,0,0,0,0,0,0,0,0,0,0,0,0,0,0,0,0,0,0,0,0,0,0,0,2,2,1,0,0,1,0,1,0,1,0,0,6,1,3,0,1,0,1,2,0,2,3,5,2,2,4
21033277,4,0,0,7,0,1,1,0,0,4,4,0,2,0,3,0,2,2,0,0,1,1,0,0,0,1,2,0,0,1,0,0,0,0,0,0,0,0,0,1,0,0,1,0,0,0,0,0,0,2,0
21035497,0,0,0,0,1,0,0,2,0,0,1,2,5,1,3,0,1,1,0,1,1,0,4,1,2,0,1,1,0,0,0,2,0,0,1,1,0,0,0,1,0,0,1,0,0,2,1,1,0,2,0
21046572,5,2,2,1,0,0,0,8,0,0,1,0,1,0,0,2,1,2,0,0,0,0,0,1,0,2,0,0,0,0,1,0,0,0,0,1,1,2,1,1,0,0,1,0,2,1,0,1,0,0,0
21046667,2,0,2,2,2,0,3,0,1,2,0,0,0,0,0,0,1,1,1,0,1,0,5,1,1,0,0,0,0,2,0,3,0,1,1,0,0,0,0,0,0,2,0,0,0,1,2,0,0,0,3
21060715,3,1,3,0,3,2,3,3,0,2,1,0,0,0,1,0,1,2,0,0,0,0,1,1,0,1,0,1,0,0,0,2,0,2,1,1,0,1,0,0,1,1,0,1,0,0,0,0,0,0,1
21063304,0,0,0,2,2,0,1,1,4,0,0,2,0,0,0,2,0,1,2,0,1,0,0,0,1,1,5,0,0,2,1,1,1,0,0,0,0,0,0,0,2,2,0,0,2,0,0,1,2,1,0
21312955,0,0,0,0,0,0,0,0,0,0,0,0,0,0,0,0,0,0,0,0,3,0,5,0,1,0,5,4,2,1,1,4,1,2,1,0,1,0,0,0,1,3,0,1,0,0,1,0,2,0,1
21314059,0,0,0,0,0,0,0,0,0,0,0,0,0,0,0,0,0,0,0,0,0,0,0,0,1,1,2,1,2,0,0,2,2,1,4,0,3,0,0,0,2,1,3,3,3,4,2,0,3,0,0
21017260,1,2,2,2,1,0,1,2,1,1,6,0,2,3,0,0,0,1,0,0,0,0,0,0,1,0,2,1,0,0,0,2,0,0,0,0,1,0,0,2,0,1,0,0,0,2,0,4,0,0,0
21019496,0,2,0,0,1,0,1,1,0,3,0,1,0,3,2,0,0,0,1,3,0,0,0,0,1,2,0,1,1,0,3,3,1,3,1,0,1,1,0,0,0,0,2,1,0,0,0,0,1,0,1
21049018,1,2,0,1,0,0,0,0,0,8,0,1,0,0,0,0,6,0,4,0,0,0,0,0,4,0,0,0,0,2,0,0,0,0,0,0,0,0,0,2,1,1,0,2,2,0,2,0,0,0,2
21049126,1,0,2,0,2,1,0,0,0,0,0,0,2,0,0,0,0,0,2,3,0,2,2,4,0,0,1,2,2,0,1,2,0,0,0,0,0,0,2,1,1,4,0,0,0,0,3,1,0,0,0
21054527,0,0,1,0,3,1,5,3,3,1,0,1,0,2,2,0,2,0,0,0,0,0,1,2,0,1,1,0,3,0,0,0,2,0,0,0,0,0,0,1,1,0,3,0,0,0,1,0,1,0,0
21055749,1,0,4,1,1,0,1,1,1,0,0,1,1,1,0,7,3,1,1,2,1,0,0,0,0,0,1,0,2,3,1,0,0,0,0,0,0,1,1,0,0,0,0,0,3,0,0,0,0,0,1
21058509,2,2,1,3,1,3,0,4,2,1,0,1,0,0,6,1,0,0,1,0,0,0,3,2,0,0,0,2,0,1,0,0,0,2,1,0,0,1,0,0,0,0,0,0,0,0,0,0,0,1,0
21064862,2,3,0,0,0,0,0,0,2,0,4,1,1,1,2,0,3,0,0,0,1,0,1,0,1,0,0,1,0,0,0,1,1,2,1,0,0,0,1,2,0,2,2,1,2,0,0,1,1,0,1
21104728,1,3,0,2,0,3,0,1,0,0,2,1,2,0,0,0,0,0,2,2,2,0,0,1,4,2,1,0,0,0,3,0,1,0,0,0,1,0,1,0,0,1,0,0,0,0,0,0,1,3,1
21104787,2,2,2,1,2,1,0,0,1,3,1,2,3,1,0,1,0,2,0,1,1,1,0,3,0,4,0,1,0,0,0,0,0,0,1,0,0,0,2,0,0,1,0,0,0,0,0,0,0,2,0
21105772,0,1,1,0,0,1,4,0,4,2,0,1,0,0,2,1,2,0,0,0,0,0,2,0,3,1,0,0,1,1,0,1,0,0,0,1,2,2,1,2,0,1,0,0,0,0,1,1,0,1,1
21313043,0,0,0,0,0,0,0,0,0,0,3,0,0,3,3,1,1,1,0,0,0,2,0,0,0,0,0,3,1,2,3,1,1,2,0,1,1,0,0,0,0,0,0,0,0,4,3,3,1,0,1
21315083,0,0,0,0,0,0,0,0,0,0,0,0,0,0,0,0,0,0,0,0,0,0,0,2,1,0,1,1,0,1,0,0,0,2,3,0,2,4,2,0,0,0,4,1,0,4,1,4,1,2,5
12103729,0,1,0,0,0,0,0,4,4,0,0,4,0,1,0,0,0,2,0,0,2,2,0,2,0,0,0,2,2,0,0,0,0,0,1,0,0,0,0,0,0,2,0,3,0,2,0,2,4,0,2
21030259,0,0,0,0,0,0,0,0,0,0,0,0,0,0,0,0,0,0,0,0,0,0,0,2,2,0,1,0,0,0,0,1,2,1,3,0,1,0,2,0,2,2,8,1,5,0,0,0,1,1,7
21033268,1,1,1,0,0,0,1,0,0,4,2,1,2,2,2,2,0,0,2,1,0,0,2,1,1,3,0,0,0,1,0,0,0,0,0,0,0,0,2,1,1,2,1,0,0,1,2,0,2,0,0
21034454,2,3,1,1,0,2,2,1,0,0,0,0,2,0,1,0,0,0,5,0,2,0,3,0,0,0,0,3,2,1,0,0,2,1,0,3,2,1,0,1,0,0,0,0,0,0,0,1,0,0,0
21035579,0,0,0,0,0,3,0,0,0,0,0,3,0,0,2,0,1,3,1,0,1,0,3,0,0,0,0,0,3,1,0,1,0,1,3,0,0,1,1,0,0,0,2,2,1,0,1,4,1,3,0
21055760,0,0,0,0,0,0,0,0,1,1,2,0,3,1,2,8,1,0,0,0,0,0,2,0,1,1,0,2,2,0,1,1,2,0,0,2,2,0,0,0,0,0,1,1,1,0,0,2,0,0,2
21058479,2,3,1,0,2,2,1,0,0,2,2,1,0,1,2,2,0,0,0,2,1,5,1,2,0,0,1,1,0,0,1,0,0,0,0,0,0,0,0,2,0,0,1,0,1,1,0,0,1,1,0
21058693,11,0,1,2,0,2,0,0,2,3,1,0,0,0,0,2,0,1,1,0,0,0,1,0,0,0,0,0,2,1,0,1,0,1,0,0,0,0,1,0,0,4,2,0,0,0,0,0,1,0,2
21059285,2,3,2,3,1,0,1,0,0,2,1,1,1,1,1,0,0,1,0,1,1,1,0,1,1,0,2,1,0,1,0,0,0,0,2,2,0,0,1,0,1,1,0,1,0,0,2,1,0,0,2
21061144,2,2,1,3,1,0,0,3,2,5,4,3,3,2,1,0,0,1,1,0,0,0,0,0,0,0,0,0,0,1,0,1,0,0,0,1,1,0,0,1,1,0,1,0,0,0,0,1,0,0,0
21063314,0,0,1,1,0,0,1,0,0,0,0,2,3,1,0,0,0,2,1,2,2,2,1,0,0,0,2,2,1,3,2,2,3,0,0,1,0,0,0,0,0,1,0,1,1,0,0,2,0,1,1
21064453,0,0,0,0,0,0,1,1,2,0,0,0,1,1,1,0,0,0,2,0,0,3,0,0,0,1,2,1,0,1,0,0,0,0,2,3,2,5,3,0,0,0,3,0,0,1,1,0,1,3,1
21109834,0,0,0,4,2,0,0,0,2,4,0,0,0,0,0,0,4,0,2,0,0,4,0,2,0,0,2,0,0,0,2,0,4,2,0,0,0,0,0,0,2,0,2,0,0,2,0,0,0,0,2
21121231,3,0,0,0,0,0,0,0,0,0,0,0,6,0,3,0,0,0,0,0,0,6,0,0,0,3,0,0,0,0,3,6,0,0,0,0,0,0,3,0,0,0,3,0,3,0,0,0,3,0,0
21123535,0,0,0,0,0,0,0,0,0,0,0,0,0,0,0,0,0,0,0,0,0,0,0,0,0,0,0,0,0,0,0,0,0,2,1,2,0,0,2,1,0,6,0,2,6,3,3,7,1,2,4
21181093,0,0,0,0,0,0,0,0,0,0,0,0,0,0,0,2,2,0,0,2,0,0,2,2,0,2,0,0,2,0,0,0,0,6,0,2,2,0,10,0,0,0,0,0,2,0,2,2,0,0,2
21221007,0,0,0,0,0,0,0,0,0,0,0,0,1,0,0,0,0,0,0,0,1,2,0,0,0,1,6,0,1,2,0,0,0,2,0,0,0,0,8,3,3,0,1,1,0,3,1,2,2,1,1
21312132,0,0,0,0,1,0,1,3,5,2,2,0,0,1,1,0,2,0,1,1,0,0,0,2,7,2,0,1,0,0,0,0,0,0,1,0,1,2,0,2,0,1,1,0,0,0,1,1,0,0,0
21312212,0,0,0,0,0,0,0,0,0,0,1,2,0,0,0,0,2,2,1,2,2,0,2,1,3,3,2,0,0,3,0,1,0,1,0,0,0,4,0,0,0,0,1,0,3,1,2,0,1,1,1
21312254,0,0,0,0,0,1,0,0,1,0,0,0,1,1,2,0,0,2,2,2,1,3,3,1,3,0,0,2,2,0,0,0,0,0,0,1,1,2,1,1,0,0,0,4,0,1,0,1,0,1,2
90390945,0,0,0,0,0,0,0,0,0,0,0,0,0,0,0,0,0,0,0,0,0,0,2,6,2,10,0,2,0,0,2,4,0,2,4,0,0,0,0,0,0,0,2,0,0,2,0,0,2,2,0
90584564,0,0,0,0,0,0,0,0,0,0,0,0,0,0,0,0,0,0,0,0,2,1,0,1,0,0,6,0,0,0,4,3,0,3,1,1,1,0,1,0,4,0,3,5,0,1,2,1,2,0,0
10138816,0,2,0,1,2,0,2,4,0,2,0,0,0,0,1,0,1,0,0,0,0,1,0,2,3,0,0,1,0,3,2,0,1,1,1,0,2,0,3,1,3,0,0,0,1,0,0,1,0,0,2
21017388,5,0,2,1,0,2,1,2,1,4,0,2,4,1,4,2,1,1,0,0,3,0,0,0,0,0,0,0,0,1,0,0,1,0,0,0,1,0,0,0,0,0,0,0,1,0,0,0,2,1,0
21017750,0,0,0,1,1,0,0,0,0,0,2,0,0,3,0,2,2,0,3,1,0,0,0,0,4,0,0,0,0,0,0,0,0,1,0,0,0,0,1,1,0,1,0,0,0,0,0,0,1,12,7
21019488,0,0,0,0,0,0,0,0,0,2,2,0,0,1,0,0,0,0,3,1,0,1,0,0,1,1,0,1,0,0,1,0,0,2,1,2,1,2,2,3,0,2,0,1,0,1,2,1,2,4,3
21051538,0,0,0,0,3,3,0,0,2,0,1,2,8,0,0,0,0,0,1,0,2,0,0,1,1,1,0,0,0,0,0,1,1,4,0,0,0,0,4,0,0,0,0,0,0,0,6,2,0,0,0
21058527,2,1,2,1,0,4,1,1,1,0,0,1,0,1,3,1,1,0,1,3,1,2,0,1,0,2,0,0,1,0,0,2,0,0,1,2,3,0,0,0,0,0,1,0,0,1,0,1,1,0,0
21061966,4,4,0,1,7,0,3,2,0,0,0,0,2,2,2,0,0,0,1,1,2,0,0,0,3,0,0,0,0,2,1,1,3,0,0,0,0,0,0,1,0,0,0,0,0,0,0,1,0,0,0
21064865,0,0,0,0,0,0,3,0,2,2,0,0,3,2,1,3,0,0,1,2,1,0,1,1,1,0,1,0,3,2,1,0,1,0,1,0,0,1,0,1,1,2,1,2,0,2,0,0,0,1,0
21116271,3,1,1,2,0,2,0,0,4,1,0,0,0,0,1,0,0,0,1,1,1,0,1,1,3,0,1,0,0,0,1,1,0,1,0,1,2,2,1,1,1,1,0,2,0,0,3,0,2,0,0
21133938,0,1,2,1,1,1,5,0,2,0,1,3,2,1,0,1,1,2,0,0,1,1,1,0,2,3,1,1,0,0,0,0,0,1,0,0,0,0,0,2,1,0,0,3,1,0,0,1,0,0,0
21314193,0,0,0,0,0,0,0,0,0,0,0,1,1,0,0,3,0,1,0,2,0,0,1,2,1,0,0,1,0,1,0,0,2,2,3,0,2,0,0,2,2,0,2,1,0,3,0,1,4,3,2
12137642,7,2,5,5,1,4,0,0,1,2,0,0,2,0,0,0,0,1,1,0,0,0,0,2,0,0,0,0,0,0,0,0,0,0,1,0,0,0,0,1,1,1,0,0,2,1,1,0,3,0,0
21035651,0,0,0,0,0,0,0,0,0,0,0,0,0,0,0,0,0,1,3,5,1,0,0,2,3,1,2,2,1,3,0,1,1,0,1,0,0,0,5,2,2,0,1,1,1,2,1,0,2,0,0
21047896,1,3,1,2,2,5,3,1,2,2,0,2,0,0,0,2,0,0,1,1,0,3,2,1,0,1,0,1,0,0,0,1,0,0,2,1,0,0,1,1,0,0,0,0,0,0,1,0,1,0,0
21048638,1,1,4,2,3,1,1,0,3,0,1,4,0,0,1,3,0,0,0,0,0,1,0,1,1,0,0,1,4,2,0,1,2,1,1,0,0,0,1,0,0,1,0,0,0,0,0,2,0,0,0
21048870,2,3,2,2,2,0,2,1,0,1,1,1,4,2,0,0,1,0,0,0,1,0,1,2,1,1,0,2,1,1,2,1,0,2,0,0,1,0,1,0,0,0,1,0,0,1,0,0,0,1,0
21050802,3,4,1,0,2,0,2,2,0,1,4,1,2,1,0,2,1,0,1,0,1,0,2,0,2,1,1,0,0,1,0,1,1,0,0,1,0,1,1,1,0,0,0,0,1,0,0,0,0,2,0
21051417,1,0,0,0,0,0,6,0,6,0,2,2,1,2,1,0,0,1,0,0,1,1,2,2,1,2,0,1,0,0,1,0,0,0,4,1,0,0,0,0,0,1,0,0,0,0,0,3,2,0,0
21052114,1,0,0,0,1,1,1,0,1,2,6,1,0,0,3,1,0,0,4,0,0,1,0,2,0,0,2,1,1,1,1,0,3,0,1,0,1,0,1,1,0,0,1,1,0,2,1,0,0,1,0
21056177,2,0,1,1,1,1,3,4,0,2,0,0,1,1,4,1,0,3,0,1,0,0,2,0,4,0,0,2,2,0,0,0,1,1,0,0,0,0,0,0,0,0,0,0,2,0,0,2,1,0,1
21056266,0,2,1,0,0,2,0,3,1,1,2,3,1,1,5,1,1,1,3,0,0,1,0,2,4,1,1,0,1,0,0,0,1,2,0,0,0,0,0,1,0,1,0,0,0,0,0,0,1,0,0
21061853,0,2,1,0,3,0,4,3,0,6,1,0,0,2,2,0,2,0,0,0,1,0,1,1,0,0,1,2,0,0,0,0,1,1,1,0,0,0,0,0,0,0,0,0,0,0,1,0,0,1,7
21117404,0,3,2,4,0,0,4,2,1,1,1,2,3,0,0,3,0,2,0,2,0,3,0,0,0,0,2,1,0,0,0,2,0,0,0,1,0,1,0,1,1,0,1,0,0,0,0,1,0,0,0
21312184,0,0,0,0,0,0,0,2,0,1,0,2,2,2,2,0,0,2,2,0,1,2,1,3,0,0,2,0,0,1,1,2,0,0,2,0,1,1,1,2,0,0,2,2,1,1,0,3,0,0,0
90422017,0,0,0,0,0,0,0,0,0,0,0,0,0,0,0,0,0,0,0,1,0,0,1,0,0,1,0,5,5,0,1,3,1,0,1,2,1,2,4,0,1,1,2,1,0,1,0,0,1,3,6
90451464,0,0,0,0,0,0,0,0,0,0,0,0,0,0,0,0,0,0,0,0,0,0,0,0,0,1,1,2,1,4,0,6,1,1,2,1,1,1,1,0,2,5,0,0,6,3,1,2,2,0,0
90606298,0,0,0,0,0,0,0,0,0,0,0,0,0,0,0,0,0,0,0,0,2,3,2,2,0,0,1,0,0,2,0,0,2,1,1,1,2,1,0,6,1,3,1,6,0,0,2,0,5,0,0
17103066,1,0,0,2,1,0,1,1,0,1,2,1,1,1,0,1,2,2,0,2,0,0,0,1,3,0,2,1,1,0,0,1,0,0,0,0,1,0,0,0,1,1,2,3,2,0,1,1,2,1,2
21018387,2,1,1,5,0,0,0,0,1,1,2,2,2,2,1,0,2,2,2,0,1,1,0,2,0,0,0,0,1,2,0,0,0,0,1,0,1,0,1,0,1,1,0,0,0,1,1,0,0,2,3
21033748,0,2,0,1,1,2,4,1,1,1,0,2,1,0,2,0,0,0,1,2,0,0,1,0,1,1,0,0,1,0,2,4,0,1,0,1,2,0,0,0,2,2,2,2,0,0,1,0,1,0,0
21034631,1,2,0,0,0,0,4,4,0,1,0,0,0,1,3,0,0,0,1,0,0,0,2,0,1,0,2,1,1,0,1,1,0,1,0,3,2,0,1,0,0,3,2,3,0,1,1,2,0,0,0
21042115,0,0,0,0,0,0,0,0,0,0,0,10,0,0,0,0,0,0,0,2,0,0,0,1,0,0,0,0,1,0,0,0,14,5,2,0,1,2,0,0,2,0,1,0,0,2,0,0,0,0,2
21050368,5,3,5,2,6,3,2,0,0,0,0,0,0,0,0,2,0,0,0,0,4,0,0,0,4,4,0,0,2,0,0,0,0,0,0,0,0,0,0,0,0,0,0,0,0,0,1,2,0,0,0
21050807,8,3,1,5,0,0,0,0,4,1,0,1,0,2,1,0,0,0,1,0,0,1,0,0,0,0,2,0,1,1,0,1,0,0,1,0,0,0,1,3,1,2,0,0,2,0,0,0,1,1,0
21051281,1,0,2,12,1,0,0,1,2,1,0,3,0,0,2,1,0,0,1,3,2,0,0,1,1,1,2,0,1,1,0,0,0,0,0,0,1,0,0,2,0,0,0,0,0,1,0,2,0,0,0
21052646,3,1,1,0,4,4,2,1,2,1,4,0,0,2,3,0,0,0,1,0,2,0,1,1,0,1,0,2,1,0,0,0,0,1,0,1,0,1,0,0,1,1,0,0,0,0,0,0,0,0,3
21052684,2,1,3,6,0,5,1,0,1,1,4,0,1,1,2,1,0,0,1,0,1,1,0,0,0,0,1,1,2,1,0,1,0,1,0,0,1,0,1,1,1,1,0,0,0,0,0,0,0,0,1
21056642,3,3,0,0,1,4,0,5,0,2,1,3,1,0,2,0,0,0,0,1,2,0,2,0,2,0,0,0,0,0,0,0,7,0,1,1,0,1,0,2,0,0,0,0,0,0,0,0,1,0,0
21056929,0,1,0,4,1,2,2,1,0,1,1,3,4,0,4,0,3,0,0,1,0,1,2,1,1,2,0,1,0,1,0,0,0,0,0,0,0,0,1,0,1,0,0,0,0,2,1,1,1,1,0
21057223,0,5,1,2,3,0,5,0,3,1,2,2,0,0,2,0,2,1,0,0,3,0,1,1,1,0,0,0,2,1,1,1,0,0,0,0,0,0,0,0,2,0,0,0,0,0,0,1,0,0,2
21057475,0,0,2,0,2,2,0,0,0,0,4,2,2,4,1,3,2,0,0,0,0,0,2,0,0,2,0,0,1,3,0,2,0,0,1,0,0,0,0,0,0,0,0,2,3,1,0,0,0,2,2
21068005,2,3,1,2,2,0,0,1,0,0,0,0,1,2,0,1,2,0,2,1,1,0,1,2,0,0,0,0,0,0,2,2,0,1,5,3,2,1,0,0,0,1,0,0,0,0,1,1,2,0,0
21313011,0,0,0,0,0,0,0,0,0,0,0,0,0,0,0,0,0,0,0,0,0,0,0,2,1,1,2,0,2,1,2,4,2,0,0,0,0,1,0,2,0,3,1,0,2,2,6,3,2,2,4
21314508,0,0,0,0,0,0,0,0,0,0,0,0,0,0,0,1,4,4,1,4,2,2,1,0,0,2,2,2,3,2,1,2,1,0,0,0,0,0,0,0,0,3,1,2,1,1,1,0,0,1,1
11104961,0,0,0,0,0,0,0,0,0,0,0,0,0,0,0,0,0,0,0,0,0,6,2,0,0,0,0,2,0,0,4,0,4,0,0,0,0,0,0,6,4,2,4,2,2,2,2,2,0,0,2
21013410,0,1,0,1,3,0,1,0,0,0,1,1,4,0,0,2,2,2,0,2,1,2,0,1,1,2,1,0,1,0,0,0,1,2,0,1,0,0,4,3,0,1,0,3,0,0,1,0,1,0,0
21022111,0,1,3,1,0,0,1,1,0,1,0,2,1,1,2,1,3,0,0,2,1,0,0,1,8,0,0,1,0,0,2,0,2,0,0,1,1,0,0,1,2,0,0,4,0,0,0,0,2,0,0
21032893,0,1,4,0,2,2,0,0,0,3,2,0,0,3,1,0,0,1,3,1,0,0,0,0,1,2,1,4,1,0,1,1,0,1,2,0,1,0,1,0,0,2,1,0,0,2,0,0,1,0,1
21048064,0,0,0,0,2,0,2,0,0,0,0,0,0,0,2,0,0,0,2,4,2,0,0,0,0,0,4,0,2,0,2,2,0,0,0,2,2,0,4,0,0,0,0,2,2,4,0,2,4,0,0
21048365,1,2,3,3,2,1,0,0,1,2,0,0,2,0,1,3,3,1,0,0,1,5,1,2,1,1,2,1,0,0,1,2,0,0,0,0,1,0,0,1,0,0,0,0,1,0,0,0,0,1,0
21048622,2,4,1,4,0,2,0,1,0,0,0,0,0,1,2,1,1,2,0,1,0,2,3,0,1,0,1,1,1,1,1,1,0,0,0,1,4,1,1,1,0,1,0,0,0,0,0,1,0,1,1
21051719,3,0,7,0,0,0,3,0,0,0,2,2,0,1,4,0,0,2,3,1,1,0,0,0,0,2,0,0,0,0,1,1,0,1,3,3,0,0,2,0,0,1,0,0,0,0,0,0,1,0,2
21062406,2,3,1,2,2,2,1,0,1,5,1,1,1,3,3,4,2,0,1,0,0,3,1,4,1,0,0,0,0,0,0,0,0,0,0,0,0,0,0,0,0,0,0,0,0,0,1,0,1,0,0
21063094,3,1,2,0,1,3,1,3,1,6,0,4,1,1,1,1,0,0,0,0,1,0,0,2,1,0,0,0,0,0,0,4,1,4,0,0,0,0,1,0,0,0,0,1,0,0,0,0,1,1,0
21312255,0,0,0,3,1,0,0,0,1,6,7,2,2,2,1,2,0,0,0,0,0,0,1,0,1,1,0,3,0,1,2,0,1,0,1,1,0,0,0,0,1,0,0,1,0,0,0,1,2,1,1
21315786,0,0,0,0,0,0,0,0,0,0,0,0,0,0,0,0,0,0,0,0,0,0,0,0,3,3,3,0,4,2,3,5,3,2,0,1,1,2,0,0,2,1,2,0,1,2,1,2,3,0,0
90356826,0,0,0,0,0,0,0,0,0,0,0,0,0,0,0,0,0,0,0,0,0,0,0,2,0,0,0,0,1,0,1,0,1,1,0,2,1,0,0,1,2,6,3,2,0,5,7,0,2,6,3
12355342,0,1,1,11,6,2,3,2,0,2,1,1,0,1,0,0,0,0,0,0,0,0,3,1,1,0,1,0,0,0,0,0,1,2,0,2,1,0,0,0,0,1,0,0,2,0,0,1,0,0,0
21024148,0,0,0,0,0,0,0,0,0,0,0,0,0,0,0,0,0,0,0,0,0,0,0,0,0,0,1,0,0,2,2,6,1,0,4,0,1,0,3,3,3,2,2,0,7,3,0,3,3,0,1
21034284,0,0,2,0,2,3,1,1,1,3,0,0,0,0,0,1,5,1,0,0,2,2,2,0,1,0,0,0,0,2,0,2,0,1,1,3,0,0,0,3,0,2,0,2,0,2,1,1,0,0,0
21048593,6,5,0,4,0,2,1,1,2,0,0,1,0,0,0,1,0,3,1,1,3,3,0,3,2,2,0,0,0,0,0,0,0,1,1,0,1,1,0,0,0,1,0,0,0,0,0,1,0,0,0
21056704,2,4,0,5,4,0,1,3,2,1,0,0,1,2,1,0,0,2,3,0,3,1,1,0,0,1,2,1,1,1,1,1,0,1,0,0,0,0,0,0,0,0,0,0,0,0,0,0,0,1,1
21059510,0,2,1,3,1,1,5,1,2,3,0,0,1,3,2,1,0,1,0,2,1,0,1,0,0,0,0,1,0,0,0,1,1,1,0,0,3,0,0,1,1,2,2,0,0,0,1,0,0,1,1
21059528,0,5,3,4,0,0,2,2,5,2,0,1,2,2,0,0,0,2,0,0,0,2,0,0,0,3,2,0,0,0,2,0,0,0,1,1,0,0,0,1,0,0,1,1,0,0,0,0,1,1,1
21066592,2,1,1,1,1,1,0,0,0,0,0,2,3,1,2,0,3,0,1,0,0,0,2,1,0,6,1,0,1,2,3,0,0,0,0,0,2,0,0,0,0,4,2,0,0,0,0,2,2,0,0
21071640,0,0,0,0,0,0,0,0,0,0,0,0,0,0,0,0,0,0,0,0,0,1,1,1,0,2,1,2,0,1,2,1,0,2,1,0,3,0,3,2,10,0,1,1,0,2,4,2,2,1,1
11518105,4,0,0,0,0,0,0,8,0,0,0,0,0,2,0,2,0,0,0,2,0,2,0,0,0,0,0,2,0,2,14,2,0,0,0,0,4,0,0,0,0,0,0,0,0,0,0,4,0,0,0
18036767,0,0,0,1,4,1,0,2,1,1,0,1,1,1,1,2,2,0,0,4,0,2,3,2,1,0,0,1,0,0,1,0,1,0,0,0,0,0,0,2,0,4,2,1,0,1,0,0,1,3,1
21013553,1,3,1,4,2,3,3,2,2,1,1,2,3,4,0,0,0,0,1,1,2,1,0,1,0,0,6,0,0,0,0,0,1,0,0,0,0,0,0,1,0,1,0,0,0,0,0,0,0,1,0
21029765,0,0,0,0,0,0,0,0,0,0,0,0,0,0,0,0,0,0,0,0,0,1,3,2,3,2,4,0,1,3,2,1,2,0,1,2,1,1,1,1,0,0,1,0,4,3,2,2,0,3,2
21047084,0,1,1,1,2,2,0,1,1,1,5,3,2,0,1,2,0,5,1,1,0,0,1,0,2,0,2,0,0,1,1,1,1,0,0,1,0,0,1,2,0,1,1,1,1,0,0,1,0,0,0
21052676,3,2,1,1,0,0,4,1,0,1,2,2,2,0,1,1,0,3,2,0,0,0,0,1,0,3,2,0,1,1,0,0,0,0,1,0,0,1,2,1,1,0,3,1,0,1,1,1,0,1,0
21053508,1,0,3,0,0,0,0,1,0,2,0,0,1,0,0,0,0,0,1,0,0,10,0,0,0,0,0,0,0,0,1,0,3,12,0,0,0,1,1,1,1,1,0,1,1,0,0,2,3,0,1
21063273,3,7,1,0,1,1,6,1,1,5,2,1,1,0,0,0,0,2,0,2,0,0,1,0,4,0,1,0,0,0,1,1,0,3,0,0,0,0,0,0,0,0,1,1,0,0,0,0,0,0,1
21070608,0,0,4,0,0,2,0,0,0,2,0,0,0,0,0,2,0,0,0,0,0,10,0,2,0,0,0,0,4,0,0,6,0,0,0,0,0,0,0,0,2,4,0,2,2,0,0,4,0,0,2
21106817,5,0,3,5,1,1,0,2,0,0,0,1,3,0,0,1,0,0,2,1,0,1,1,0,1,1,1,3,1,0,0,1,0,1,1,0,1,0,0,1,4,1,1,0,0,1,0,0,1,0,1
90582286,0,0,0,0,0,0,0,0,0,0,0,0,0,0,0,0,0,0,0,0,0,3,0,1,0,0,0,0,11,0,0,5,1,0,2,2,0,6,0,0,0,0,0,1,0,2,5,1,6,1,1
15331575,0,0,0,0,0,0,0,0,0,0,0,0,0,0,0,0,0,0,0,0,0,0,2,2,0,2,0,1,0,0,0,1,0,0,0,0,0,2,0,4,2,3,1,2,2,0,0,1,16,6,2
21034222,1,3,2,2,0,0,3,2,0,1,1,0,1,1,4,3,2,0,4,0,4,0,1,2,0,0,3,0,0,0,1,1,0,1,0,1,0,0,0,0,0,1,0,0,0,0,0,1,0,0,3
21046062,1,0,2,0,0,2,0,1,2,0,0,1,4,9,0,1,1,0,1,4,1,2,0,0,0,2,0,0,0,3,2,1,0,0,0,0,1,1,1,0,2,0,0,2,0,0,0,1,0,0,1
21046666,1,1,1,3,0,1,2,0,0,2,2,0,2,2,2,0,1,1,2,0,2,0,1,0,1,0,0,2,0,0,0,3,0,0,0,2,1,3,1,0,0,0,1,1,1,2,3,0,2,0,0
21046938,0,0,2,0,0,1,1,3,1,2,1,1,1,3,1,2,2,3,1,2,0,1,0,1,0,0,0,0,2,0,0,1,1,2,0,5,0,0,0,1,1,4,0,1,0,1,0,0,0,0,1
21049276,1,1,0,5,7,3,5,3,4,4,3,2,0,0,2,0,0,0,0,1,0,0,2,0,1,0,1,0,1,0,1,0,0,0,0,0,0,0,0,0,0,1,0,0,0,0,0,0,0,1,0
21053434,3,0,1,1,0,0,2,2,2,1,0,0,2,2,2,0,5,0,0,0,5,0,0,0,0,0,1,2,1,1,0,2,0,0,1,0,0,0,1,1,0,2,1,1,1,0,1,0,4,1,0
21056869,4,0,3,2,1,1,1,0,0,0,0,1,0,0,0,1,1,2,2,2,2,1,1,0,0,1,0,1,1,0,0,1,1,2,1,0,0,2,1,7,0,3,0,1,0,0,1,1,0,0,0
21070583,0,0,0,0,0,0,0,0,0,3,0,0,2,5,1,1,0,0,5,1,5,0,1,0,2,0,1,1,0,0,1,1,2,2,1,1,0,1,3,0,0,2,4,1,0,0,0,1,0,1,0
21116430,1,3,1,3,0,1,1,2,0,2,0,1,3,4,3,3,2,1,1,0,1,0,2,1,0,0,0,0,3,0,0,1,1,0,0,1,0,1,2,0,0,0,0,0,0,2,0,1,0,0,1
21137049,2,6,3,0,0,2,2,0,2,2,2,1,1,1,0,1,0,3,2,2,1,0,0,0,0,0,0,0,0,1,0,1,1,0,1,1,1,4,0,1,0,0,1,0,1,1,0,1,0,1,0
21052285,5,0,2,1,2,0,3,5,2,0,3,0,1,3,1,0,0,4,1,0,1,0,0,0,0,0,0,0,2,0,2,0,7,0,1,0,0,1,1,0,0,0,0,0,0,1,0,1,0,0,0
21058812,1,0,3,3,2,1,3,1,2,3,2,3,0,2,1,2,0,3,1,0,1,4,0,0,3,1,0,2,0,0,2,0,2,0,0,0,0,0,0,0,1,0,0,0,0,0,0,0,0,0,1
21061871,1,4,2,2,3,3,1,1,2,0,1,3,0,2,2,0,0,1,3,3,2,1,0,0,0,0,0,0,0,0,0,1,0,1,0,0,3,0,0,1,1,2,0,1,0,0,0,1,1,0,1
21071141,0,0,0,0,0,0,0,0,0,0,0,0,0,0,0,2,0,0,0,1,7,10,4,3,3,4,2,0,0,1,4,1,1,3,0,0,1,1,0,0,0,0,1,0,0,0,0,0,0,1,0
21072058,0,0,0,0,0,0,0,0,0,0,0,0,0,0,0,0,0,0,0,0,0,0,2,0,2,0,3,2,2,2,3,2,5,5,5,0,1,0,0,3,0,0,2,1,2,1,0,1,4,2,0
21091901,2,3,1,0,3,1,0,1,4,0,1,4,4,2,0,3,1,0,1,0,1,0,2,3,0,2,1,0,1,0,2,0,2,3,0,0,0,0,0,0,0,0,0,0,0,0,0,1,0,0,1
21107304,0,0,2,0,0,3,2,1,4,2,2,7,5,2,0,0,2,0,0,0,2,0,1,0,0,0,0,0,1,2,0,0,0,1,0,0,4,0,0,0,2,0,0,2,0,2,0,0,0,0,1
21181177,0,0,0,0,0,0,1,0,0,0,1,0,0,0,1,1,0,0,2,3,1,0,0,0,0,0,0,1,1,0,2,2,3,2,5,1,0,2,3,1,0,1,0,4,1,5,1,1,2,2,0
11111441,0,0,0,0,0,0,0,0,0,0,0,0,0,0,0,0,0,0,0,0,0,2,0,0,0,0,0,0,0,0,0,2,5,2,6,0,0,2,0,0,2,1,2,6,0,10,7,0,4,0,0
21012050,2,2,4,3,0,1,2,5,0,3,2,1,1,1,1,2,1,1,0,0,0,1,2,1,0,1,1,0,1,0,2,0,0,0,1,0,0,0,3,1,0,0,1,2,0,0,0,0,1,0,1
21033374,0,0,0,3,0,4,3,3,1,0,3,0,1,1,0,1,0,0,6,0,0,1,2,0,2,1,0,0,0,0,0,3,1,2,0,1,2,0,1,1,0,2,1,3,1,0,0,1,0,0,0
21046211,1,3,0,1,0,2,0,0,0,0,1,0,1,7,1,0,2,1,2,7,3,1,1,2,2,1,0,1,2,0,0,0,0,0,1,0,0,1,1,0,0,2,0,0,0,0,1,0,1,1,1
21048454,2,0,2,1,4,2,0,0,0,0,1,1,0,3,0,0,2,0,1,3,2,3,0,3,3,0,1,0,1,0,3,3,1,0,0,0,0,0,3,0,2,0,1,1,0,0,0,1,0,1,0
21049512,2,1,2,1,1,1,0,3,1,1,0,1,3,2,0,2,0,0,1,0,0,0,1,1,1,2,1,0,0,1,1,7,4,0,0,0,0,0,1,0,1,1,0,0,4,0,2,1,0,0,0
21052104,1,2,1,1,0,0,4,4,4,2,1,1,2,3,0,0,0,0,0,2,0,1,0,2,0,1,2,1,2,2,0,0,0,2,1,0,2,0,0,0,0,2,0,1,0,3,0,1,0,0,0
21058856,0,4,2,2,4,0,0,0,5,1,0,3,2,3,2,0,2,1,0,0,0,0,0,1,1,1,2,0,2,0,5,0,0,0,0,0,0,1,1,1,1,0,0,2,1,0,0,0,0,0,1
21108822,0,0,1,0,1,1,1,0,1,0,0,0,3,1,3,2,0,1,1,1,1,1,1,1,0,1,1,1,1,0,0,0,0,0,0,0,2,0,4,0,11,1,0,3,1,1,1,0,1,1,0
21123271,0,0,0,0,0,0,0,0,0,0,0,0,0,0,0,0,0,0,0,0,0,0,2,2,1,2,0,1,2,1,1,1,0,0,3,3,0,4,0,1,2,5,0,4,1,4,1,4,1,4,1
21137160,1,1,0,1,0,4,3,2,0,1,3,0,5,3,0,2,0,0,2,3,2,0,0,0,1,3,0,0,1,2,1,2,0,0,0,1,0,2,0,1,0,0,0,0,1,0,0,0,0,1,2
21137161,3,1,0,0,0,1,0,0,0,3,5,0,0,0,1,0,1,5,0,0,2,2,0,1,0,3,0,1,2,0,3,0,2,0,1,2,0,3,1,0,0,1,1,2,0,2,1,0,1,0,0
21312133,0,0,0,0,1,0,0,3,1,1,0,1,2,2,3,2,3,1,3,2,1,3,1,1,1,3,1,0,0,2,1,0,0,0,2,1,0,2,0,1,1,0,2,1,1,0,0,0,0,1,0
21312157,0,0,0,0,1,0,7,2,2,2,4,6,2,0,2,2,1,3,2,0,1,1,1,1,1,0,1,2,0,1,0,0,3,0,0,0,0,0,0,0,0,1,0,0,0,0,0,1,1,0,0
21312232,0,0,0,0,3,3,0,1,1,0,2,2,1,0,10,0,0,1,1,1,3,1,1,0,0,0,0,0,0,1,1,0,1,5,0,2,0,3,1,0,0,0,0,0,0,1,1,1,2,1,0
21012717,1,0,0,2,2,0,0,0,1,1,0,2,0,1,2,2,0,3,1,0,0,0,1,0,0,0,4,0,1,0,0,2,5,2,0,1,0,1,4,0,2,2,1,2,0,1,1,1,0,2,1
21047361,1,2,2,2,1,2,5,2,0,1,2,3,1,3,2,4,2,3,0,0,0,0,2,0,0,0,0,1,2,0,1,0,1,0,0,0,0,0,1,0,1,1,0,0,1,0,0,0,1,1,1
21051522,1,7,2,0,0,0,7,3,0,2,0,0,0,0,0,2,1,0,2,0,2,1,5,1,1,1,2,1,0,0,0,3,0,0,0,1,0,3,0,2,0,0,0,1,0,0,0,1,0,0,0
21052136,2,0,5,2,0,0,2,4,4,8,0,0,1,0,1,1,6,0,0,0,1,1,0,0,2,0,1,0,1,1,1,0,0,0,1,0,0,0,1,0,0,0,4,1,0,0,0,1,0,0,0
21056665,3,1,0,2,0,2,1,0,0,2,0,4,2,0,1,2,1,4,1,0,2,1,3,0,0,0,1,0,3,1,0,1,1,1,1,2,0,0,1,0,0,2,0,0,1,1,1,0,2,0,1
21063136,1,3,1,0,0,4,2,1,2,0,0,4,1,0,1,1,3,1,2,0,0,2,1,1,1,2,3,0,0,2,0,2,0,0,0,1,1,0,0,1,1,0,2,0,0,0,0,0,1,3,1
21063242,2,0,1,1,1,2,4,0,3,2,0,0,3,3,1,0,4,0,1,0,2,1,1,0,0,2,0,1,1,1,1,1,4,0,1,0,0,0,1,2,0,0,2,0,0,1,1,1,0,0,0
21068619,2,2,2,3,3,2,2,0,3,5,2,2,1,0,1,2,0,1,1,2,2,1,3,0,1,0,0,0,0,0,0,1,0,0,0,1,1,0,0,1,0,1,0,1,0,2,0,0,0,0,1
21070104,0,0,0,0,0,0,0,0,0,0,1,2,0,2,2,0,1,0,0,1,4,0,0,0,2,5,1,0,0,0,3,3,2,2,0,0,0,3,1,1,1,4,0,1,0,0,4,2,3,0,1
21108025,0,0,4,0,1,3,1,2,0,3,2,0,2,2,1,0,0,1,2,2,3,2,2,0,2,0,1,1,3,0,0,0,1,1,0,2,0,1,0,1,0,1,0,1,0,2,1,0,0,1,0
21029842,0,0,0,0,0,0,0,0,0,0,0,0,0,0,0,0,0,0,0,0,0,0,8,0,0,0,0,0,0,0,0,0,3,1,2,3,4,0,0,2,3,3,3,6,4,3,0,3,3,2,0
21035748,0,0,1,3,0,2,2,12,5,0,3,1,1,2,2,0,1,0,0,1,2,1,1,3,1,0,0,1,0,1,1,0,0,1,0,1,0,0,1,0,0,0,0,0,0,0,0,1,0,0,2
21041855,0,1,2,0,1,2,0,0,0,2,0,2,1,0,3,5,1,1,0,1,1,0,3,3,3,1,1,0,1,0,0,0,0,1,0,1,0,0,2,1,0,1,1,0,0,7,2,0,0,1,1
21048096,0,0,0,0,1,1,2,1,0,0,2,4,4,1,0,3,0,0,0,0,0,1,0,0,0,0,4,0,1,3,0,0,1,2,0,1,1,0,2,2,1,1,5,4,0,0,0,2,3,0,0
21048406,2,2,2,1,5,2,0,1,1,3,1,0,3,0,2,3,1,2,0,2,4,0,0,0,3,1,0,0,0,0,1,0,0,0,2,3,0,0,2,0,1,0,0,0,0,0,1,0,1,0,1
21050544,2,0,0,4,3,4,2,0,0,2,0,0,2,0,1,8,0,0,0,1,0,0,3,1,1,0,2,0,3,1,0,0,3,0,0,1,2,0,3,1,0,0,0,1,0,0,0,1,1,0,0
21063135,2,5,0,0,4,3,2,1,0,4,3,0,4,2,1,1,0,1,0,4,0,0,1,0,1,0,0,1,1,0,4,1,0,2,0,2,0,0,0,0,1,0,0,0,0,0,1,1,0,0,0
21091888,1,2,5,1,2,2,0,0,1,2,2,2,0,3,2,0,0,0,5,3,2,2,0,0,1,2,1,1,2,0,0,0,1,1,2,1,0,0,0,0,0,0,1,1,0,0,0,0,1,0,1
21107230,1,1,0,0,0,1,3,3,1,3,0,2,2,0,2,2,0,0,0,3,0,1,0,1,0,0,5,0,0,1,0,1,3,1,3,1,0,1,0,0,0,0,1,2,5,0,0,0,3,0,0
21133940,1,0,0,0,0,3,2,0,0,0,3,2,4,1,1,1,2,3,1,0,4,0,0,1,0,0,0,1,2,1,0,0,2,4,0,3,0,0,5,2,0,1,0,0,0,0,1,0,0,2,0
21311466,0,0,0,0,0,0,0,6,3,4,0,3,2,2,2,1,2,0,0,2,3,1,1,3,0,2,1,0,0,0,2,2,0,1,1,1,2,1,0,1,0,1,0,0,1,0,1,0,0,0,1
21312233,0,0,0,0,1,2,0,0,0,5,1,4,4,3,1,1,1,0,1,1,1,2,0,1,1,1,3,3,0,0,1,0,0,0,0,0,3,2,0,1,2,1,0,2,0,0,0,3,0,0,1
90594858,0,0,0,0,0,0,0,0,0,0,0,0,0,0,0,0,0,0,0,0,2,2,0,0,1,0,3,0,0,0,0,0,0,2,2,3,0,3,2,3,2,11,4,1,0,3,0,0,4,4,1
21021547,5,0,0,1,0,0,1,0,0,0,4,0,0,4,0,2,0,0,1,1,0,2,0,0,0,0,6,0,0,1,0,0,1,2,0,0,0,2,4,4,3,0,3,0,0,5,0,0,0,0,2
21052685,7,1,3,2,0,1,2,0,2,3,4,5,3,0,4,1,0,1,0,1,0,1,1,1,0,0,0,0,0,0,2,2,0,2,0,1,2,0,0,0,0,0,0,0,0,0,1,0,1,0,0
21060700,1,2,6,2,5,1,0,0,1,1,0,1,0,3,1,0,0,0,2,3,2,2,1,1,1,1,1,0,0,2,1,0,1,0,2,1,1,1,0,0,0,2,0,1,0,1,0,1,2,0,0
21063692,3,1,0,1,0,1,0,0,1,2,1,0,0,2,3,0,1,2,0,2,2,1,1,1,0,1,2,0,3,0,3,1,0,0,0,1,2,0,3,1,1,0,0,3,0,3,0,0,0,1,4
21314575,0,0,0,0,0,0,0,0,0,0,0,0,2,0,2,0,2,3,2,2,1,3,3,2,1,3,3,2,1,0,0,0,1,1,0,0,0,0,1,0,1,0,8,0,2,2,4,0,0,0,2
90606307,0,0,0,0,0,0,0,0,0,0,0,0,0,0,0,0,0,0,0,0,6,1,0,8,5,0,0,0,1,5,0,2,10,4,0,0,1,2,0,2,0,1,4,0,0,0,0,0,0,2,0
12103285,0,0,0,0,0,5,0,0,5,0,0,0,0,5,0,0,5,0,0,0,0,0,0,0,0,0,0,0,0,0,0,5,5,0,0,5,0,5,5,0,0,0,5,0,0,0,0,5,0,0,0
21034285,1,3,2,3,0,1,0,0,2,0,3,2,0,1,1,2,3,2,0,3,0,0,1,2,2,1,1,1,1,0,2,1,0,1,0,1,5,0,1,0,0,2,1,1,0,1,0,1,0,0,0
21046133,2,1,5,0,0,0,3,2,0,1,1,0,0,0,2,1,4,2,1,2,4,1,2,0,0,2,3,2,0,1,0,1,0,0,3,1,0,1,0,1,0,0,1,1,1,0,1,0,1,0,1
21048407,3,2,3,2,1,2,5,0,2,0,3,4,4,0,1,3,1,0,0,3,0,0,0,1,0,3,0,0,0,0,0,0,0,2,2,2,0,0,1,0,0,1,1,0,0,0,0,0,0,1,2
21049037,1,0,1,1,4,3,1,1,0,0,1,3,2,3,3,3,0,0,1,0,2,1,0,0,1,5,1,2,2,2,3,0,0,1,0,0,0,0,0,0,0,3,0,0,1,0,2,0,1,0,0
21051555,1,5,1,0,1,3,1,2,0,2,3,0,3,0,1,0,0,1,0,1,2,1,0,0,0,2,0,3,1,0,1,0,0,0,5,3,0,4,1,1,0,2,0,1,0,0,1,2,0,0,0
21052889,4,4,0,1,3,5,2,3,0,1,2,2,0,1,2,2,4,1,1,1,3,0,0,0,1,0,0,1,0,1,1,0,3,1,0,0,0,0,1,0,0,1,0,0,0,0,0,0,2,0,1
21054759,2,1,7,4,6,3,4,5,0,4,2,0,2,2,1,2,3,2,0,1,1,0,0,0,0,0,0,1,0,0,0,0,0,0,0,0,0,0,0,0,0,1,0,0,0,0,0,0,0,1,0
21058482,4,3,4,1,1,2,0,2,4,1,0,0,1,3,0,2,2,0,1,1,0,1,0,0,1,0,1,0,1,0,1,1,2,2,3,0,1,2,1,0,1,0,0,0,0,0,2,0,0,2,1
21059284,2,4,2,3,2,0,0,0,1,0,0,2,4,3,1,5,1,2,1,2,1,1,0,1,2,2,4,1,2,1,0,0,0,0,0,0,0,1,0,0,1,1,0,0,0,0,1,0,0,0,1
21063303,2,4,1,1,2,0,4,1,1,0,2,2,0,0,0,1,4,0,0,4,0,0,0,2,0,1,0,0,2,0,3,1,1,1,0,0,0,0,1,0,2,2,4,1,0,0,0,0,2,0,3
21091703,2,3,6,0,5,2,3,2,0,2,3,2,2,0,0,1,0,1,0,1,2,1,1,0,0,0,0,4,1,2,0,0,0,2,1,0,1,0,0,0,1,0,1,0,0,0,0,1,0,0,2
21104014,0,1,0,2,1,2,1,0,0,2,0,2,2,6,1,1,0,0,2,1,0,0,1,3,0,0,2,2,0,3,2,0,1,1,0,2,0,0,0,3,0,0,0,1,1,1,2,2,3,0,1
21104613,0,3,3,2,0,1,2,4,4,2,2,2,2,1,1,1,2,2,0,1,0,1,1,0,0,1,0,1,0,1,0,0,0,0,0,1,1,1,4,0,2,0,1,0,0,0,0,1,3,0,1
21116488,2,0,1,1,5,0,2,7,3,0,2,1,0,0,2,0,7,0,0,1,2,1,2,0,0,1,0,1,0,0,0,1,0,1,0,1,1,0,2,0,0,1,0,0,0,0,1,2,1,0,3
21137021,3,4,3,1,3,4,2,0,2,0,0,3,3,1,3,2,0,0,1,3,0,1,1,0,0,1,0,0,0,0,0,1,2,0,0,2,1,1,0,0,2,0,0,0,0,0,0,3,0,2,0
90512111,0,0,0,0,0,0,0,0,0,0,0,0,0,0,0,0,0,0,0,0,0,0,0,0,0,0,3,3,0,0,0,3,2,0,4,0,0,0,5,5,0,0,5,0,0,15,0,0,5,0,5
12103728,1,2,4,0,3,1,2,6,4,1,1,1,3,0,2,1,0,0,1,0,1,0,0,2,0,2,1,1,0,1,1,2,2,0,0,0,0,0,0,1,0,0,0,0,0,1,0,1,6,0,1
21033096,2,3,2,1,0,2,2,2,2,0,1,0,6,1,0,5,4,0,1,1,1,1,0,0,1,2,0,0,0,0,1,2,1,2,0,1,0,2,0,1,1,0,0,2,1,0,0,0,1,0,1
21048097,1,0,0,2,1,3,0,0,0,0,2,2,2,0,5,4,0,0,0,0,2,1,0,2,0,0,2,0,1,0,0,0,0,2,0,2,0,0,0,3,1,3,1,2,0,0,2,8,2,0,0
21048595,1,1,3,1,0,0,0,2,3,1,0,0,4,1,0,3,2,0,1,3,0,0,0,2,1,0,0,0,0,7,2,0,0,0,2,0,1,0,3,3,4,0,3,0,0,0,0,0,0,2,0
21049552,3,1,2,1,2,2,14,1,7,3,0,0,1,0,1,2,1,1,0,3,1,0,2,1,3,0,0,0,1,1,1,0,0,0,0,0,0,0,0,0,0,0,0,0,0,0,0,0,0,1,0
21052102,8,1,1,0,0,2,1,1,6,6,2,1,2,1,1,0,1,1,1,1,2,0,1,0,0,0,3,0,2,1,0,1,2,0,1,0,0,0,1,0,0,0,1,0,1,0,0,0,1,0,2
21063034,2,0,1,6,0,3,2,0,1,2,2,1,4,3,2,0,1,2,0,1,0,3,1,3,3,0,0,1,1,1,0,3,0,0,0,0,0,0,0,0,0,0,2,0,1,3,0,0,1,0,0
21312224,0,0,0,0,0,0,5,1,3,2,1,0,5,0,5,3,1,0,3,4,2,5,1,1,2,0,0,3,0,0,0,0,1,0,2,0,1,1,1,0,0,0,1,1,0,0,0,0,0,0,1
90595766,0,0,0,0,0,0,0,0,0,0,0,0,0,0,0,0,0,0,0,2,0,0,0,1,0,0,0,1,2,0,4,2,0,3,2,2,2,0,0,1,0,1,4,1,8,7,1,4,6,1,1
11107131,0,0,0,0,0,0,0,0,0,0,0,0,0,0,0,0,0,0,0,0,0,0,0,1,2,0,0,0,0,2,4,2,0,0,0,2,1,1,0,0,0,0,0,36,0,2,0,2,0,0,2
15347109,0,0,0,0,0,0,0,0,0,0,0,0,0,3,9,0,4,6,1,3,5,0,1,0,3,2,1,1,1,2,1,0,1,1,0,3,1,0,1,1,1,0,0,1,0,2,1,0,1,0,0
21033526,1,2,3,2,0,1,0,3,2,1,1,0,0,0,1,2,1,2,0,3,1,2,0,0,0,2,0,0,1,0,1,0,1,1,0,3,1,3,1,2,1,0,2,0,0,2,3,3,2,0,0
21034241,4,4,1,4,3,4,1,1,0,1,2,1,2,1,3,1,1,2,0,0,0,2,3,0,2,1,1,0,0,0,0,0,0,0,0,2,0,0,2,1,1,1,1,1,0,0,0,0,3,0,0
21051556,2,0,5,2,0,0,1,2,1,0,1,2,4,0,0,2,0,1,0,1,0,0,0,0,4,1,0,3,0,1,1,1,1,2,2,0,0,2,3,0,1,1,1,5,0,0,1,2,0,1,0
21052112,3,1,0,4,1,4,1,3,3,2,1,2,0,0,0,2,2,4,0,1,0,2,2,0,1,0,0,0,2,1,0,0,1,0,0,0,1,2,3,1,2,0,1,2,1,0,0,0,1,0,0
21052132,2,2,2,1,2,6,1,6,1,0,1,1,4,0,1,0,2,0,4,1,0,3,0,2,0,0,2,0,1,0,0,0,3,0,0,0,1,1,0,0,0,1,0,2,1,1,1,0,1,0,0
21066554,0,4,1,2,2,0,2,0,2,2,0,3,3,1,0,0,1,0,4,5,0,1,0,2,1,3,0,1,0,1,0,0,0,1,0,0,0,0,1,2,1,2,1,2,2,0,0,0,2,2,0
21311647,0,0,0,1,1,0,3,4,3,1,1,1,1,0,4,1,4,0,1,3,1,0,1,3,1,1,2,0,2,5,2,0,0,1,0,0,0,0,0,0,0,2,0,0,0,0,1,1,1,1,3
90541589,0,0,0,0,0,0,0,0,0,0,0,0,0,0,0,0,0,0,6,0,0,2,2,22,2,14,0,0,1,0,0,0,0,0,1,0,0,0,0,1,0,0,2,0,3,0,0,0,0,0,1
21029797,0,0,0,0,0,0,0,0,0,0,0,0,0,0,0,0,0,0,1,0,0,0,2,0,0,0,4,0,1,2,2,2,0,0,2,1,0,7,0,0,0,0,0,3,11,14,1,2,0,0,3
21034831,4,0,1,1,3,8,3,1,1,4,0,0,3,1,1,1,1,2,1,0,0,2,0,3,0,2,1,0,0,0,0,3,1,0,1,0,1,2,0,1,1,0,0,2,0,0,1,0,1,0,0
21048536,1,4,2,1,0,3,0,1,4,1,3,1,4,1,2,0,0,2,4,1,1,0,1,0,2,3,1,2,0,0,3,2,0,1,1,3,0,0,0,0,0,0,0,1,0,1,0,0,0,1,0
21049589,4,2,0,4,2,2,1,2,1,5,1,5,1,0,0,4,5,2,1,3,0,0,1,0,0,0,0,2,0,1,2,0,1,1,0,0,0,0,0,2,0,1,0,0,0,1,0,0,0,1,0
21054728,1,6,3,1,3,5,0,5,0,1,0,1,1,4,2,1,0,2,1,0,4,1,2,0,0,2,2,0,0,0,1,0,1,1,0,0,1,1,0,1,0,1,1,0,0,0,0,0,1,1,0
21059529,1,1,0,2,1,4,4,5,4,0,2,1,0,0,1,2,1,3,1,0,1,2,1,0,0,1,0,1,0,0,2,0,2,2,0,2,1,0,1,2,1,1,0,0,0,0,0,0,1,2,2
21063134,2,6,4,0,1,3,1,2,5,1,2,3,3,0,3,1,0,1,0,1,0,1,0,1,2,1,1,0,2,0,1,1,0,0,0,2,1,0,0,0,1,1,0,0,0,0,1,1,0,2,0
10055165,0,10,3,0,3,3,0,0,0,0,1,0,1,11,0,0,1,0,2,1,3,0,1,0,0,1,3,0,1,0,0,1,0,1,0,0,1,1,0,3,2,2,0,0,0,0,0,0,0,2,1
18035690,0,0,2,4,0,0,0,2,2,1,0,4,10,2,2,0,6,0,0,0,0,0,0,5,7,2,4,0,2,0,2,0,0,0,0,0,0,0,0,0,0,0,0,0,0,0,1,0,1,0,0
21031743,2,3,3,1,1,1,1,3,3,6,1,0,2,1,4,2,4,1,2,2,0,0,0,3,0,1,0,0,0,1,1,2,0,1,0,1,0,0,0,0,1,0,1,0,1,0,0,2,1,0,0
21034830,3,0,2,1,1,0,4,3,0,0,2,1,1,2,1,1,0,5,0,1,0,2,0,0,4,5,2,1,0,0,5,1,0,0,0,0,1,2,1,1,0,3,0,0,0,1,1,0,1,0,0
21056375,2,2,4,0,5,1,0,3,3,1,1,0,1,0,0,2,1,2,2,1,0,1,1,1,1,1,0,0,2,0,0,3,0,0,0,1,2,0,0,5,3,2,1,0,1,0,1,2,0,0,0
21057346,4,2,4,0,1,3,3,1,4,2,4,3,3,2,0,0,0,2,0,2,1,1,2,2,0,3,1,0,0,0,2,1,1,1,0,0,0,0,2,0,0,0,1,0,0,0,0,1,0,0,0
12077304,5,5,0,0,0,0,5,0,0,0,0,5,5,5,0,0,0,0,0,0,0,0,0,0,0,0,10,0,5,0,0,0,0,0,0,0,5,0,0,0,0,0,0,5,0,0,0,5,0,0,0
21018591,3,1,5,2,1,2,0,0,0,3,1,3,2,0,6,0,1,3,0,2,0,1,1,2,0,0,3,0,0,0,0,0,1,0,1,0,1,2,0,1,0,1,2,0,0,1,1,1,2,1,3
21033093,3,1,0,0,5,1,4,2,0,1,1,3,0,2,0,0,1,2,1,2,0,0,0,1,0,1,3,0,5,0,2,0,0,1,1,1,1,4,1,0,3,2,0,1,2,0,1,1,0,0,0
21033657,6,3,0,0,0,2,2,1,1,0,2,2,3,4,1,2,0,3,1,5,2,0,0,0,0,1,0,0,1,0,0,0,1,4,1,4,0,0,0,1,0,0,1,1,0,0,0,1,3,0,1
21047871,2,6,6,3,1,4,1,4,1,1,1,2,1,3,2,2,0,1,3,0,1,0,0,1,1,0,0,1,3,0,0,1,2,2,0,0,0,0,0,0,0,0,1,0,1,0,0,2,0,0,0
21048471,7,4,3,2,2,3,4,0,2,3,2,0,4,2,0,2,2,1,1,1,1,0,0,0,1,2,0,0,0,0,0,0,0,2,1,0,1,0,0,2,0,0,0,0,1,0,0,1,0,1,2
21048534,1,2,2,2,4,2,0,2,5,2,3,3,2,4,3,0,2,2,1,2,0,3,2,0,0,0,0,0,0,1,1,0,0,0,0,1,1,1,2,0,1,0,0,0,0,0,0,1,1,1,0
21055387,2,2,0,0,2,2,6,3,1,0,0,1,3,5,0,2,3,4,0,0,2,1,0,2,0,2,2,2,0,2,1,2,2,0,0,2,1,1,0,0,0,0,0,0,0,1,0,1,0,0,0
21104612,0,3,3,1,0,1,1,3,2,3,1,1,4,1,1,1,2,2,1,2,0,2,0,0,0,3,0,3,0,1,1,0,1,0,1,1,4,0,2,1,1,2,1,0,0,0,0,1,1,0,1
21122237,0,0,0,0,0,0,0,0,0,0,0,0,0,0,0,0,0,1,9,4,4,5,0,2,0,4,3,1,1,1,2,0,2,0,2,1,3,2,1,1,0,0,0,2,1,2,1,3,1,1,0
21315798,6,2,5,3,2,3,5,0,2,2,1,1,0,2,2,0,4,2,1,0,1,0,1,1,0,0,1,2,1,1,1,0,0,0,2,2,0,0,1,0,0,0,0,0,1,1,0,0,0,1,0
21047487,2,3,2,4,2,3,2,0,0,3,1,0,2,3,1,2,0,0,1,1,0,0,1,0,3,1,2,1,3,0,1,0,0,1,2,2,0,0,2,0,0,2,0,2,0,2,1,0,3,0,0
21050773,4,5,2,0,1,2,3,4,5,3,1,3,2,4,2,1,0,2,2,0,1,1,0,0,1,0,0,1,1,0,0,1,0,1,0,3,2,0,0,0,0,0,0,0,0,0,0,2,0,0,1
21052133,5,6,1,3,0,4,3,2,2,4,0,0,1,2,0,0,0,1,0,2,2,2,1,1,1,0,3,0,0,1,0,0,1,0,1,0,0,0,1,0,0,2,0,2,1,1,1,0,2,2,0
21061894,3,7,8,5,1,3,5,2,7,2,1,0,0,0,0,0,1,0,2,0,2,0,0,1,1,0,1,0,1,1,0,0,1,0,1,2,0,1,0,0,0,0,0,0,0,1,0,0,0,1,0
21070193,0,0,0,0,0,0,0,0,0,0,0,1,6,10,2,1,2,1,1,1,4,1,2,4,2,1,3,1,3,0,1,2,1,0,0,0,2,2,0,1,0,2,1,0,0,1,0,0,1,0,1
21081040,1,0,0,2,3,2,3,3,1,1,0,0,0,0,0,0,0,3,7,4,0,1,0,1,1,2,1,1,3,2,1,0,1,4,1,0,2,1,0,1,3,2,0,0,0,2,0,0,0,1,0
12356775,2,3,1,8,5,3,2,2,2,3,3,4,1,2,0,0,0,0,0,2,0,0,0,4,0,4,1,0,0,0,0,0,0,1,5,0,0,0,0,0,0,0,1,0,0,0,1,1,0,1,0
21019579,0,0,0,0,0,0,0,0,0,0,4,0,0,0,0,0,0,0,0,0,0,0,0,0,0,0,0,8,0,0,4,0,0,0,0,0,4,9,2,4,2,4,4,0,0,0,0,4,4,5,4
21046042,0,0,1,1,7,4,4,4,1,1,0,2,2,6,0,1,2,0,1,8,1,1,1,0,0,1,1,2,0,0,1,2,0,0,2,0,3,0,0,0,0,0,0,0,0,0,0,0,0,2,0
21052734,1,1,5,3,2,0,2,1,2,3,2,0,0,1,1,0,2,2,0,5,3,2,2,1,2,0,3,0,4,0,2,1,0,0,1,0,0,1,0,0,2,0,0,1,0,1,0,1,1,1,0
21061895,2,4,8,8,2,2,7,5,2,1,1,0,0,0,1,0,1,2,1,0,1,0,0,1,2,0,2,0,0,1,0,0,2,0,1,1,0,0,0,0,0,0,0,0,0,2,0,0,1,1,0
21063092,4,4,0,0,0,2,6,1,4,3,2,3,6,1,2,2,0,1,1,0,3,2,0,1,2,0,1,1,0,1,1,1,3,0,0,0,0,0,1,0,0,0,0,0,0,0,2,1,0,0,0
21132951,4,2,4,3,2,1,4,0,2,1,0,2,7,5,0,0,3,0,0,3,2,4,1,0,0,0,2,1,0,1,0,0,0,0,1,1,0,0,1,0,0,1,0,0,2,0,0,1,1,0,0
90597959,0,0,0,0,0,0,0,0,0,0,0,0,0,0,0,0,0,0,0,0,0,0,0,0,2,0,4,2,0,0,0,14,0,0,2,0,2,4,4,0,0,4,2,6,0,2,0,2,6,0,6
21022039,1,1,4,4,20,0,1,0,0,0,3,1,3,0,0,0,2,1,0,3,0,0,3,1,1,0,0,0,1,0,1,3,0,0,1,1,0,0,0,0,0,2,0,2,0,1,1,0,1,0,0
21050545,0,2,0,1,3,4,3,1,0,0,0,4,1,4,2,4,2,2,5,0,1,1,2,0,1,2,0,0,0,2,0,6,2,0,0,1,2,0,0,0,1,0,0,0,0,2,1,0,0,1,0
21052888,2,4,2,3,2,3,3,6,2,2,0,1,0,0,0,0,4,1,6,2,0,2,2,0,0,3,0,1,0,0,0,3,2,1,0,0,1,2,0,0,0,0,1,0,0,0,0,1,0,0,1
21058822,0,1,0,2,0,3,3,0,2,4,0,0,0,1,3,3,1,3,0,1,1,0,0,3,2,1,1,3,1,3,0,1,1,0,0,1,1,2,3,0,0,0,0,1,0,0,1,6,2,0,2
21137137,2,1,7,6,0,2,0,4,0,2,3,4,0,0,0,1,2,1,0,0,1,3,0,3,3,2,1,1,0,2,1,1,2,0,2,0,1,0,0,0,0,0,0,1,2,1,0,0,0,1,0
90597832,0,0,0,0,0,0,0,0,0,0,0,0,0,0,0,0,0,0,0,0,0,1,0,0,0,1,0,0,2,2,6,4,5,1,0,0,3,0,0,1,0,8,4,2,5,2,3,3,7,2,1
11111761,0,0,0,0,0,0,0,0,0,0,0,0,0,0,0,0,0,0,0,0,2,0,2,8,0,0,0,0,2,4,8,4,2,2,4,0,2,0,2,2,6,0,0,0,2,4,0,0,2,2,4
11526471,0,0,4,4,4,2,0,5,0,0,0,0,0,0,4,0,0,12,4,1,0,0,6,0,0,0,2,0,0,0,1,0,0,2,0,0,0,0,0,2,2,3,4,0,0,0,0,0,0,0,2
21030232,0,0,0,0,0,0,0,0,0,0,0,0,0,0,0,0,0,0,0,0,1,0,0,0,0,0,0,0,0,0,0,6,0,0,6,0,1,0,0,6,0,0,0,3,0,28,1,8,1,0,3
21033749,0,4,1,1,2,0,3,1,0,0,4,3,5,0,1,1,0,0,6,1,0,3,1,1,2,3,0,0,0,1,3,3,4,0,0,3,3,0,0,0,0,0,0,1,1,0,1,0,0,1,0
21041352,8,5,5,3,5,1,5,4,2,5,2,1,3,1,1,1,0,1,0,0,0,1,1,0,0,1,0,0,0,0,1,1,0,1,0,0,0,0,0,0,0,0,0,4,0,0,0,0,0,0,1
21048623,3,3,5,7,0,2,0,2,0,3,2,0,0,1,0,1,2,1,3,1,2,1,1,1,1,2,0,2,1,1,1,0,0,1,3,2,1,1,1,0,0,1,0,1,0,0,1,0,0,0,3
21050794,2,4,3,6,4,2,0,1,3,1,3,0,0,1,2,0,1,1,0,1,2,0,5,1,1,1,0,0,0,0,1,0,3,1,0,0,0,0,2,3,1,0,0,0,1,1,3,0,1,1,1
21056628,1,0,5,3,2,4,4,5,3,0,1,3,0,1,2,0,1,0,3,3,1,0,2,1,1,1,0,0,0,3,1,1,2,0,0,1,2,1,0,1,1,1,0,1,0,1,0,0,0,0,1
21061848,3,3,0,3,3,0,3,2,1,4,2,3,0,1,1,2,2,1,1,2,1,1,1,0,1,0,4,0,2,0,3,0,0,1,2,2,1,0,1,3,2,1,0,0,0,0,0,0,1,0,0
21122398,1,1,0,4,1,1,2,3,0,5,0,7,1,0,0,4,1,2,2,0,2,0,2,0,1,0,2,0,1,0,2,1,2,0,0,1,1,0,1,4,0,1,2,0,1,0,3,1,0,0,1
21131014,0,0,0,10,0,10,0,0,0,10,10,10,0,0,0,0,2,0,0,0,0,0,2,0,0,0,0,0,0,2,0,0,0,0,2,0,2,0,0,0,0,0,0,0,0,2,0,0,2,0,0
90205153,0,0,0,0,0,0,0,0,0,0,0,0,0,0,0,0,0,0,0,0,12,0,2,0,0,0,0,0,0,2,0,2,0,8,6,2,0,0,0,0,6,0,2,0,4,0,0,0,6,0,12
15329085,0,0,0,0,0,0,0,0,0,0,0,0,0,0,0,0,0,0,0,0,0,0,0,0,0,0,5,0,0,5,5,0,0,0,0,5,0,5,0,15,5,0,5,0,0,5,5,0,5,0,0
21011475,5,2,0,3,1,3,1,2,1,3,0,2,3,3,2,1,1,1,2,0,3,0,0,1,2,0,2,0,1,2,1,0,0,1,3,1,1,3,0,0,1,0,0,0,0,1,0,0,0,5,1
21047405,3,3,1,1,2,6,4,1,3,3,0,1,0,1,0,3,3,0,3,1,1,4,1,0,0,0,0,1,2,1,0,0,0,1,0,1,2,2,1,2,1,3,0,0,1,0,1,0,0,1,0
21048591,3,5,10,1,6,0,4,1,1,2,0,0,1,0,6,1,2,0,2,1,0,4,1,1,2,2,1,0,2,1,0,1,0,1,0,0,0,0,0,1,0,0,0,0,0,0,0,0,2,0,0
21052123,4,2,0,3,0,2,3,6,1,2,0,3,1,1,3,2,0,1,4,0,1,0,5,0,0,1,0,0,2,0,0,0,2,1,1,1,0,0,1,0,2,0,4,1,2,0,1,2,0,0,0
21055607,1,1,2,2,2,0,3,7,4,4,3,0,4,0,1,1,2,2,1,1,2,1,0,2,0,1,0,1,0,2,0,0,0,2,1,0,1,0,0,2,1,2,1,0,0,1,0,1,2,0,1
21062859,7,1,6,6,0,2,0,2,6,6,1,5,1,1,0,1,0,1,2,0,1,2,2,0,0,1,1,1,1,0,0,2,0,0,0,0,0,0,0,0,0,1,0,0,0,3,0,2,0,0,0
21109932,0,0,0,0,0,0,0,0,5,0,0,0,0,0,0,0,0,5,5,5,0,0,0,0,0,0,0,5,0,0,0,5,0,0,0,0,5,0,0,0,5,5,0,5,5,0,5,0,0,0,5
90240120,0,0,0,0,0,0,0,0,0,0,0,0,0,0,0,0,0,0,0,0,0,0,0,0,0,0,5,0,0,5,0,5,0,0,0,0,0,5,5,5,5,0,0,5,10,0,10,5,0,0,0
11065131,0,0,0,0,0,0,0,0,0,0,0,0,0,0,0,0,0,0,0,0,8,0,0,2,0,2,0,0,2,2,2,0,10,10,6,0,6,0,2,0,0,2,2,2,0,0,2,0,2,2,2
11103872,0,0,0,0,0,0,0,0,0,0,0,0,0,0,0,0,0,0,0,0,2,0,0,4,0,0,2,2,0,0,0,10,8,4,0,2,0,0,2,2,6,0,2,0,0,4,4,2,8,0,2
12356019,1,2,2,12,4,5,2,1,2,5,2,0,0,2,4,1,2,0,2,1,1,0,1,1,1,0,0,0,0,1,1,0,0,2,1,0,1,0,0,0,1,2,1,0,0,0,1,0,1,0,0
21012353,4,0,0,0,0,0,2,0,6,0,0,0,2,2,2,0,2,2,0,0,2,0,2,0,2,2,4,0,0,0,0,2,0,2,2,2,2,2,4,0,2,0,4,0,2,0,2,2,0,0,4
21034596,2,0,0,0,0,0,4,1,1,2,2,1,1,2,1,0,1,0,1,2,5,0,2,0,0,1,1,3,0,0,0,1,0,3,2,0,2,1,5,1,1,0,2,0,3,4,0,2,1,3,2
21101075,2,2,0,2,4,1,2,5,2,0,0,0,0,0,2,1,3,3,0,1,0,2,0,0,2,2,2,0,1,2,0,1,1,1,0,1,2,1,1,0,3,3,2,3,1,0,0,2,1,1,1
12127140,2,2,8,3,1,4,3,4,1,3,1,0,2,2,0,5,0,0,4,1,1,0,2,1,0,0,1,0,0,1,0,2,0,1,0,3,0,1,2,0,0,1,0,2,0,0,0,0,1,0,2
21035344,3,0,7,1,0,0,1,5,0,4,1,0,1,0,2,0,5,2,1,3,1,3,0,2,4,0,0,0,0,2,1,1,1,2,0,0,0,0,1,1,3,0,3,1,1,0,2,1,1,0,0
21047220,0,0,2,4,1,1,1,3,0,3,1,0,1,4,2,0,1,3,6,0,0,3,1,0,0,3,0,0,0,2,4,1,0,1,0,0,4,1,0,0,3,1,0,1,0,0,1,0,4,4,0
21058332,2,4,3,5,3,4,2,2,0,1,0,0,3,3,0,3,3,2,2,1,0,1,0,1,2,2,1,5,0,2,1,1,0,0,0,1,2,1,0,0,0,0,0,0,0,0,0,4,0,0,0
21312115,0,0,0,0,0,0,1,2,3,4,6,2,8,3,2,2,3,4,1,1,1,0,4,0,1,0,0,1,0,1,3,0,3,0,2,0,0,0,0,0,0,0,1,0,3,1,2,1,1,0,0
21312173,0,0,0,0,0,0,6,4,1,3,1,1,3,1,1,6,4,0,3,1,1,5,1,1,2,0,0,0,0,0,2,1,1,0,3,1,1,1,3,3,1,1,0,0,1,0,0,2,1,0,0
21033752,3,3,10,0,6,3,1,2,3,1,4,0,0,4,0,1,1,1,3,0,1,2,0,0,2,2,3,0,0,1,1,0,0,0,1,0,0,0,0,0,3,1,0,0,1,1,0,1,2,0,0
21048871,9,2,8,5,2,1,3,1,0,0,0,5,4,3,1,1,2,0,4,5,1,0,0,0,1,1,0,0,0,0,0,0,0,0,0,1,1,1,0,2,0,0,1,0,0,0,0,0,0,2,1
21049201,6,0,4,0,3,1,5,3,2,4,0,4,1,0,0,1,2,4,1,1,0,0,3,2,0,2,0,0,1,3,4,1,0,0,0,1,3,0,1,1,0,1,1,0,1,0,0,0,0,1,0
21049889,0,0,0,2,6,0,2,4,2,4,0,0,0,2,0,4,2,4,2,2,4,0,2,0,0,0,0,0,2,2,0,0,6,0,2,0,2,0,0,6,2,2,0,0,0,0,0,2,0,0,0
21051063,3,1,0,3,1,0,2,0,2,2,1,1,0,1,2,0,1,3,1,1,2,1,3,2,4,0,1,2,0,0,1,1,0,5,1,2,0,0,2,0,4,0,0,3,1,4,1,0,0,0,3
21055606,1,1,2,2,2,0,2,5,5,3,3,1,4,1,0,0,2,2,3,1,2,1,0,4,0,1,0,1,0,3,0,1,0,2,1,0,0,0,1,2,1,2,1,0,0,0,0,1,4,0,0
21056459,7,2,0,0,1,0,2,3,1,1,0,5,0,2,4,1,2,0,3,1,1,1,1,0,3,1,2,0,0,0,4,1,4,0,0,2,2,0,2,1,0,0,0,1,2,0,1,2,0,2,0
21063123,0,1,2,2,2,0,0,0,2,0,4,2,3,0,3,1,5,4,3,0,0,0,2,0,5,2,4,0,1,1,3,3,2,2,0,0,1,3,2,1,0,0,0,0,0,0,1,0,0,0,1
21091698,4,0,4,1,3,1,3,3,1,1,2,4,0,2,1,3,2,3,0,1,5,1,0,0,1,0,0,2,1,1,5,2,3,0,0,0,0,0,1,0,1,1,1,2,0,1,0,1,0,0,0
21107915,0,0,5,0,5,0,0,5,0,0,0,0,0,5,0,0,0,0,0,20,5,0,0,5,0,0,5,0,0,0,0,0,0,0,0,0,0,5,0,0,0,0,4,0,0,0,0,0,0,4,0
21311627,0,0,0,0,0,0,0,3,0,1,1,3,1,5,7,0,5,0,1,0,5,1,1,5,3,1,1,4,0,1,0,0,5,1,0,0,1,0,2,1,2,0,0,0,0,1,0,0,1,4,1
52465730,5,3,3,0,1,0,0,1,5,8,2,7,1,4,0,3,1,1,1,1,0,0,0,2,2,0,0,2,1,0,0,2,0,1,0,1,1,2,0,0,2,0,1,0,0,2,0,1,1,0,0
90451443,0,0,0,0,0,0,0,0,0,0,0,0,0,0,0,0,0,0,0,0,0,0,0,4,0,6,0,0,2,2,6,4,0,0,2,8,0,0,0,0,0,4,2,6,6,4,4,2,2,2,2
21014146,0,2,2,2,2,2,7,3,2,3,0,1,1,2,0,2,2,0,0,1,0,0,1,1,3,1,0,0,0,0,3,0,13,0,4,0,0,0,0,0,1,1,0,3,1,0,0,0,1,1,1
21034213,2,1,2,1,1,2,1,1,4,1,0,3,0,3,3,4,3,0,0,2,2,1,0,1,1,6,2,2,1,2,0,3,2,2,2,0,0,0,1,0,0,3,0,0,1,0,2,0,0,0,1
21046809,0,4,1,3,3,3,0,0,0,3,5,3,3,2,0,1,1,0,1,0,1,2,2,0,1,0,1,2,2,2,0,1,1,0,0,2,0,2,5,3,0,1,3,1,0,0,1,2,0,0,1
21048620,2,4,3,2,0,0,1,0,4,2,2,0,2,2,4,2,4,2,1,4,5,0,0,3,1,0,1,0,0,3,0,0,0,4,0,0,0,0,0,1,0,2,2,0,0,0,2,0,2,1,1
21056833,0,4,5,3,0,1,3,0,0,5,1,1,2,5,1,6,0,1,2,0,1,2,2,5,0,0,0,1,2,2,0,0,2,1,1,1,2,1,0,0,0,0,0,0,0,0,0,2,1,3,0
21048450,4,11,2,2,2,3,4,2,2,1,2,0,0,3,8,3,1,5,1,0,2,0,0,1,0,3,1,0,1,0,0,0,0,0,1,1,1,0,0,0,0,0,2,0,0,0,0,0,1,0,0
21070195,0,0,0,0,0,0,0,0,0,0,0,1,1,4,1,5,1,3,3,3,4,1,0,0,2,0,4,3,2,2,2,1,3,0,0,0,1,5,4,2,1,1,3,0,0,2,0,1,1,0,3
21091900,3,1,1,6,6,0,0,1,8,1,2,2,4,1,0,3,1,0,0,1,5,0,2,4,0,0,2,0,0,2,2,0,1,4,1,0,1,0,0,0,0,1,0,0,0,2,0,0,0,0,2
21107231,0,5,3,3,1,3,3,3,0,1,4,5,4,0,2,0,0,0,0,3,1,0,4,0,1,0,1,0,0,1,1,3,1,1,0,0,0,3,0,2,0,1,1,1,4,0,0,2,0,2,0
21107872,2,0,0,5,3,1,1,0,0,1,0,2,4,2,2,1,1,1,3,4,1,1,2,2,1,0,0,1,1,0,1,5,4,0,2,0,0,2,4,0,2,0,1,2,1,1,0,1,2,0,0
21134533,2,2,3,2,2,3,1,1,2,0,0,1,3,2,0,1,5,5,3,0,3,2,1,3,0,0,0,0,1,1,0,1,1,6,0,1,1,1,4,2,0,0,0,1,1,0,0,0,2,0,0
21134808,2,2,5,2,3,1,3,2,3,1,2,0,1,3,3,1,2,2,2,3,1,1,1,0,2,2,3,1,1,1,0,1,1,2,0,0,2,1,1,3,0,0,0,1,0,0,0,0,0,2,0
21135148,0,0,0,0,1,4,0,3,0,6,1,3,2,0,2,0,1,6,0,2,4,0,6,3,0,0,3,1,2,8,0,1,0,0,0,0,0,2,0,3,0,2,0,2,0,0,0,0,1,1,0
21312263,0,0,0,0,2,0,2,4,3,5,2,4,2,2,4,1,4,0,0,4,3,2,2,3,1,0,1,2,1,1,1,0,0,3,0,1,1,1,1,1,0,2,0,0,0,0,1,0,1,1,1
90364654,0,0,0,0,0,0,0,0,0,0,0,0,0,0,0,0,0,0,0,0,5,0,0,0,0,0,5,5,5,0,0,0,5,0,0,0,5,5,5,5,5,0,10,0,5,0,0,5,0,0,0
90400529,0,0,0,0,0,0,0,0,0,0,0,0,0,0,0,0,0,0,0,0,2,0,0,0,0,6,0,0,0,0,4,0,2,0,0,2,0,4,8,12,0,0,0,4,0,4,2,4,10,2,4
21012697,2,2,0,0,1,0,0,6,1,1,0,1,0,5,3,2,4,2,2,1,0,0,4,0,2,0,0,4,0,2,1,0,0,0,0,2,2,0,1,1,6,0,3,2,0,2,3,0,3,0,0
21050889,7,8,2,1,2,0,3,1,1,2,1,0,0,0,1,2,5,0,1,0,4,3,1,0,0,0,2,0,1,1,0,1,0,0,1,2,0,0,2,2,0,1,1,2,2,1,3,1,0,2,1
21051002,5,3,4,5,1,4,3,4,0,2,0,1,2,2,1,3,4,4,0,2,0,0,0,1,0,0,1,2,2,0,1,1,1,1,3,0,0,1,2,1,2,1,0,0,0,0,0,0,0,1,0
21052145,0,2,3,6,4,3,5,2,3,3,2,1,5,0,2,2,2,0,0,1,2,0,0,2,0,2,2,2,1,1,3,1,0,0,0,0,0,0,0,3,0,1,1,1,0,2,0,1,0,0,0
21054679,2,2,2,7,2,3,2,2,5,3,0,2,1,2,0,4,1,0,1,2,2,0,3,2,0,1,0,3,0,0,2,0,1,0,2,0,0,1,0,1,1,3,2,2,0,0,0,2,0,0,0
21069647,2,0,2,5,3,2,0,1,0,2,2,0,0,0,0,0,0,2,1,0,0,0,2,0,0,3,0,1,0,0,1,1,0,0,1,0,3,3,13,12,2,1,0,0,1,1,0,0,0,0,4
21052115,4,3,0,0,2,4,3,0,1,1,3,3,0,4,6,2,1,4,2,0,1,2,1,1,0,0,2,1,0,0,4,0,4,1,1,1,0,1,0,0,0,0,1,2,1,2,1,0,2,1,0
21058813,3,10,7,5,5,1,1,1,4,0,0,2,2,1,2,1,0,1,0,0,1,1,2,0,2,1,5,0,0,0,1,1,1,1,0,0,0,0,1,0,0,1,2,0,0,2,0,4,1,0,0
21312222,0,0,0,1,0,1,1,3,5,7,3,5,0,4,4,2,5,1,7,2,3,1,2,1,1,0,1,1,2,2,1,0,0,2,0,0,0,0,1,0,0,0,1,0,1,0,0,0,1,1,0
11527521,0,0,0,0,0,0,0,0,0,0,0,0,0,0,0,0,0,0,0,0,22,0,8,2,4,2,6,2,2,2,0,0,4,2,0,10,0,0,0,0,0,0,0,0,0,0,0,0,6,2,0
21048577,2,1,1,3,2,1,4,1,3,3,1,5,2,0,4,2,3,1,0,1,0,3,1,0,3,2,1,4,2,1,0,0,0,1,4,1,1,0,0,1,0,0,3,1,0,0,0,1,0,2,2
21054678,6,3,1,1,4,2,5,3,5,4,0,3,1,1,3,2,0,0,0,3,3,1,2,1,1,1,1,2,0,0,0,1,0,1,1,0,3,1,2,1,0,1,0,0,0,0,1,3,0,0,0
21063095,10,6,1,2,6,5,2,4,7,3,2,2,3,1,1,1,2,2,1,1,0,0,0,0,2,0,0,0,1,0,0,0,0,1,0,0,0,0,0,2,2,0,2,0,0,0,0,0,1,1,0
21069114,0,4,3,3,0,4,1,0,4,3,0,1,1,0,5,1,6,4,0,2,5,2,1,0,0,3,2,2,0,0,0,1,0,0,0,1,1,0,0,1,0,1,1,1,1,4,4,0,0,1,0
21091638,2,1,1,0,3,4,3,4,1,4,2,4,5,6,3,0,1,2,3,1,2,2,1,4,0,2,1,0,0,3,1,2,0,0,0,0,0,0,1,1,0,0,0,1,1,0,1,0,1,0,0
21107888,4,1,4,1,1,2,2,1,4,1,0,2,2,5,8,0,4,0,0,1,4,1,1,1,0,4,2,1,2,3,0,0,1,0,1,0,2,0,0,0,2,0,1,0,2,0,0,1,0,2,0
21108390,5,3,3,0,3,3,3,1,6,1,3,7,1,5,1,3,0,0,4,4,0,2,1,0,0,0,1,0,0,1,3,0,0,1,0,0,0,0,3,2,0,1,1,0,1,0,0,0,1,0,0
21312174,0,0,0,0,0,0,2,1,1,8,1,2,5,4,6,6,0,1,4,2,0,1,0,1,0,2,0,1,2,1,3,1,3,2,2,0,2,1,1,0,0,1,1,1,0,1,2,0,2,0,0
21314506,0,0,0,0,0,0,0,0,0,0,0,0,0,0,0,4,9,3,3,6,4,1,5,2,4,4,2,2,3,3,1,0,1,2,5,1,1,0,1,0,0,1,0,2,1,0,0,0,0,2,1
12075754,0,0,0,0,0,0,0,0,0,5,0,0,0,0,5,0,0,0,0,5,0,5,0,0,5,10,5,0,0,0,5,0,10,0,5,0,0,0,0,0,0,5,0,0,0,0,0,5,5,0,0
12076931,0,0,0,3,5,1,1,6,1,3,3,1,0,2,2,1,0,0,0,0,1,1,0,1,5,7,2,0,4,3,0,0,0,0,0,0,0,2,1,0,0,7,0,1,3,3,1,0,3,1,0
21035364,0,1,2,1,0,1,1,0,4,4,2,3,2,5,1,3,0,1,0,2,0,1,1,4,0,0,2,0,0,7,4,1,3,2,2,2,0,1,0,0,1,2,1,4,0,1,1,0,2,0,0
21047882,2,4,0,1,0,0,5,3,1,1,1,5,2,2,1,3,3,0,1,1,0,0,1,0,3,2,1,2,2,1,2,0,0,1,0,1,0,1,0,1,3,4,0,1,2,0,3,1,2,1,4
21050890,10,10,4,1,4,1,3,4,2,1,0,0,2,1,0,2,0,1,2,0,0,4,0,0,1,0,1,1,0,0,2,2,2,0,0,0,1,0,2,0,1,1,1,2,0,1,2,1,0,1,1
21050898,3,2,0,2,2,6,4,0,1,1,0,0,1,0,4,3,1,4,3,0,4,4,3,1,1,1,1,0,0,2,1,0,5,0,0,0,0,0,3,5,0,1,0,3,0,1,0,0,1,0,1
21052683,5,4,3,1,2,3,1,1,1,1,1,2,0,1,5,2,3,0,1,2,2,1,3,2,1,3,0,0,3,1,1,2,0,2,0,1,0,0,5,1,0,1,0,1,1,1,0,0,0,4,0
21031883,3,3,2,10,0,0,3,0,4,1,2,3,2,2,2,4,0,0,0,2,1,0,2,2,0,0,0,0,2,0,1,1,5,5,1,4,2,0,1,1,0,0,1,2,0,0,0,0,0,2,0
21033025,1,2,3,0,3,3,3,6,5,2,1,1,2,0,0,1,1,5,1,1,3,1,0,0,1,1,3,1,0,3,2,0,0,1,3,2,2,1,1,2,2,1,0,0,1,2,0,2,0,0,0
21050252,7,4,4,2,6,1,5,1,0,5,3,2,2,0,4,1,0,2,0,0,2,1,0,3,2,1,0,1,0,2,0,1,3,2,0,0,0,0,0,3,1,0,1,0,0,1,1,2,0,0,0
21312175,0,0,0,0,0,3,1,2,3,2,13,4,3,1,4,4,0,3,0,2,0,2,1,0,1,2,3,1,1,0,4,2,1,0,0,1,1,2,1,0,0,2,1,0,1,2,0,0,2,0,0
21312272,0,0,0,0,0,0,6,6,4,0,3,3,3,2,4,6,0,1,5,2,2,2,0,0,0,0,2,0,3,2,6,1,1,1,1,0,2,1,0,1,3,0,0,0,1,0,1,0,1,0,0
21071091,6,6,0,2,4,0,1,0,2,0,0,2,0,0,2,0,2,2,0,2,2,2,0,3,2,2,2,1,0,0,0,2,0,2,4,0,2,0,4,2,2,0,4,2,0,0,0,2,0,0,6
21134267,2,2,5,2,0,0,2,0,2,1,1,2,2,5,3,0,1,2,2,4,2,3,1,0,2,1,5,2,1,0,0,0,0,2,3,3,2,0,1,2,0,2,0,0,3,0,1,1,0,1,1
21019426,0,0,0,0,0,0,0,0,0,2,0,0,4,6,2,0,0,0,0,0,0,0,0,2,4,2,4,0,2,0,4,0,2,4,4,2,2,0,0,6,0,2,4,0,0,0,0,2,12,4,2
21022236,1,3,2,0,3,3,4,6,2,1,7,2,2,0,2,2,1,0,0,5,0,0,0,2,1,0,1,0,1,2,0,3,4,4,3,0,0,0,3,2,0,0,0,2,0,0,0,2,0,0,2
21026095,0,0,0,0,0,0,0,0,0,0,0,0,0,0,0,0,4,0,0,4,16,0,4,1,0,0,0,0,0,9,0,5,4,5,0,1,2,4,11,1,0,0,2,0,1,0,0,0,0,4,0
21047067,0,0,3,6,6,1,6,3,0,6,2,0,2,0,6,8,2,1,0,0,2,3,1,2,0,0,1,3,0,0,0,0,3,1,0,0,1,1,0,2,0,1,0,0,0,4,0,1,0,0,0
21048455,5,2,5,4,5,1,5,0,1,1,3,0,1,6,1,1,1,5,2,2,1,1,1,3,1,0,1,1,1,2,1,4,0,0,0,1,0,0,1,0,1,0,0,1,2,1,1,1,0,1,0
21050925,5,8,9,6,3,4,0,1,0,2,0,4,2,2,0,1,0,2,1,5,2,0,2,0,0,1,2,4,0,1,1,2,1,0,0,0,2,0,0,0,0,2,0,1,1,0,0,0,0,1,0
21055609,5,1,1,0,3,2,2,2,2,4,2,1,2,3,0,0,0,6,2,3,1,0,1,1,2,2,0,1,1,4,0,0,0,3,2,1,1,1,0,0,0,2,5,1,0,3,0,1,4,0,0
21057766,3,2,2,2,4,3,4,2,4,1,0,2,2,3,4,2,3,2,2,2,1,1,0,1,2,2,0,4,0,1,0,0,1,1,3,1,0,0,0,1,3,4,0,1,1,0,0,1,0,0,0
21063536,8,2,0,0,3,1,2,3,3,3,3,0,1,3,1,3,0,2,5,8,1,2,0,5,1,2,1,0,0,2,1,2,1,0,2,1,1,0,0,1,0,0,0,0,1,1,0,0,1,0,1
21312223,0,0,0,2,0,0,2,3,2,4,1,0,0,3,4,1,7,1,3,2,3,3,7,2,1,0,0,3,2,4,4,3,1,0,0,1,0,0,0,0,2,0,1,1,1,0,1,0,2,0,1
11040696,0,0,0,0,0,0,0,0,0,0,0,0,0,0,0,0,0,0,0,0,5,0,10,0,0,5,0,0,0,5,10,0,0,5,0,5,5,0,0,0,0,0,5,5,0,0,0,5,15,0,0
11526788,0,0,0,0,0,0,0,0,0,0,0,0,0,0,0,0,0,0,0,0,0,0,0,0,0,0,4,16,0,0,0,4,0,4,0,0,12,0,4,0,0,4,16,0,0,4,0,0,4,4,4
21046408,0,0,0,0,0,0,0,0,0,0,0,0,0,0,0,0,0,0,0,6,2,2,0,2,0,0,0,28,0,2,8,0,2,4,0,2,0,2,0,2,0,2,6,2,0,2,0,0,4,0,2
21050467,1,6,2,3,5,0,4,0,1,1,1,2,3,0,0,1,3,4,1,2,2,5,1,0,4,1,3,0,1,0,2,1,0,0,0,0,0,1,3,0,7,0,0,5,2,1,0,0,0,0,1
21053096,4,2,3,3,4,3,3,0,0,1,5,1,1,5,2,1,1,3,4,0,0,2,0,0,2,3,4,0,0,0,2,3,0,1,1,0,2,2,0,3,0,2,1,1,0,0,2,0,1,2,0
21062853,10,3,7,4,2,4,1,6,6,5,4,1,0,4,4,6,2,3,0,1,1,0,0,1,1,0,0,2,0,0,0,0,0,0,0,0,0,0,0,0,0,1,0,0,0,0,0,1,0,0,0
21069271,0,0,0,1,0,5,2,2,2,2,4,3,2,1,0,0,3,4,7,4,2,0,1,0,0,0,4,3,4,1,3,1,1,3,1,1,0,1,3,3,0,0,1,0,1,0,0,0,0,2,2
21107329,5,0,0,0,0,0,5,0,0,0,0,0,5,5,5,0,0,0,0,10,0,5,0,0,5,0,5,0,5,0,0,0,5,0,0,5,0,0,0,0,0,0,5,0,0,0,0,5,0,5,0
21030228,0,0,0,0,0,0,0,0,0,0,0,0,0,0,0,0,0,0,0,0,0,10,0,0,0,0,0,0,12,7,0,0,6,0,1,2,12,0,1,1,0,0,6,10,0,0,3,1,3,2,4
21064676,1,2,6,0,3,1,0,0,4,0,4,5,2,1,2,0,3,0,3,1,2,1,1,0,2,0,0,3,0,1,4,1,2,3,0,0,0,5,1,0,1,2,0,1,4,1,1,0,3,4,0
21108297,4,2,5,3,1,0,6,9,4,3,0,1,2,2,3,1,0,2,3,1,2,2,1,5,0,0,0,2,3,2,1,0,0,0,1,2,1,2,2,0,0,0,0,0,0,1,1,1,0,0,0
90552632,0,0,0,0,0,0,0,0,0,0,0,0,0,0,0,0,0,0,0,0,0,0,2,1,9,0,0,2,14,2,7,4,1,0,1,5,2,0,1,0,6,5,8,1,0,0,2,0,4,3,1
21019428,5,8,0,0,2,8,0,0,0,0,0,0,0,10,0,0,2,0,0,2,4,0,0,2,4,6,0,0,0,0,0,0,2,1,0,0,0,0,0,8,3,2,6,0,0,3,0,0,0,1,3
21033994,0,5,5,5,15,5,5,10,0,0,0,0,0,0,0,0,0,0,0,0,2,0,2,0,0,0,0,2,2,0,0,2,0,0,0,4,2,0,8,0,2,0,2,0,0,0,0,4,0,0,0
21050475,3,4,1,3,2,2,4,4,2,1,3,0,2,0,1,0,2,4,1,0,3,2,0,4,0,2,3,5,1,4,1,0,1,2,0,1,0,0,1,1,3,2,1,2,0,0,1,0,1,1,1
21121202,5,3,0,4,0,3,5,3,0,1,0,3,0,0,0,0,2,3,6,0,0,0,0,0,1,0,0,6,3,0,3,0,0,3,0,0,0,5,0,0,0,0,0,3,0,0,3,0,10,7,0
21137096,3,6,4,3,1,6,0,1,0,0,1,0,0,3,6,1,0,5,4,0,1,1,0,0,2,0,3,4,3,2,0,0,3,1,1,4,2,1,2,2,3,0,0,0,0,0,1,0,0,2,0
21048537,6,8,3,4,3,1,4,3,3,4,3,3,11,1,1,3,2,2,0,2,0,0,1,1,0,0,1,0,2,1,1,0,0,3,0,0,1,0,0,0,0,0,0,0,0,0,0,0,1,2,2
21049942,2,0,4,0,3,4,8,5,0,1,1,1,1,3,2,3,2,1,3,0,1,1,1,0,2,1,2,0,1,0,4,2,5,6,1,1,0,1,1,0,3,2,1,0,1,1,0,0,0,1,0
21050899,7,4,3,7,1,4,0,4,1,1,1,2,0,4,3,4,0,2,2,2,3,2,2,2,2,0,0,1,0,0,4,2,1,0,1,0,0,0,1,4,2,0,0,1,0,0,1,1,1,0,0
21055608,6,1,1,0,4,2,0,3,0,5,2,1,2,3,0,1,0,7,2,3,1,0,1,0,2,2,0,1,1,3,0,0,0,8,1,1,2,4,0,0,0,2,3,1,0,2,0,1,4,0,0
21048408,0,0,0,0,0,0,0,0,0,0,0,0,6,2,10,0,0,2,4,0,0,0,22,0,2,0,0,0,0,0,14,2,0,0,0,0,0,0,10,0,0,2,0,0,0,0,2,0,2,4,0
21048872,4,9,5,7,2,1,1,0,3,2,2,4,3,2,5,0,3,1,0,2,0,0,2,4,1,0,0,1,1,0,0,0,1,1,0,1,0,0,0,2,0,3,0,0,3,3,3,1,0,1,0
21049188,6,6,0,2,3,3,7,2,4,5,2,1,1,3,2,0,3,0,1,1,0,0,1,2,3,1,0,1,2,1,1,0,0,2,4,0,1,0,1,2,4,0,1,2,0,0,2,1,0,0,0
21049438,1,1,1,3,1,1,3,1,6,1,2,0,1,8,3,5,4,4,4,3,0,1,4,1,2,0,1,0,3,0,0,1,1,3,0,4,0,0,1,0,1,1,0,3,0,0,2,0,0,0,2
21053435,5,1,2,1,1,1,4,0,5,2,2,4,4,5,3,1,3,2,1,1,0,0,0,0,2,2,0,1,1,2,2,5,1,2,1,0,1,7,1,0,1,1,0,0,0,1,0,0,1,1,3
12075760,0,0,0,5,5,5,5,0,5,5,5,0,0,0,0,0,0,5,0,0,0,0,0,5,0,0,0,0,0,5,10,0,0,0,0,0,0,0,5,0,5,0,0,0,0,0,0,5,5,5,0
12123325,5,0,0,0,0,0,0,0,0,5,5,0,5,0,0,0,0,0,0,5,0,5,5,5,0,0,0,0,0,0,0,5,0,0,0,0,0,5,15,0,0,0,0,5,0,0,0,5,0,10,0
21017144,0,0,0,5,0,0,0,5,10,0,0,5,0,0,10,5,5,0,5,5,5,0,0,0,0,0,0,0,0,0,0,5,5,0,0,0,0,0,0,0,5,0,0,0,0,0,0,0,5,0,5
21030329,0,0,0,0,0,0,0,0,0,0,0,0,0,0,0,0,0,0,0,0,0,20,5,5,0,0,5,0,0,10,0,0,0,0,0,0,0,5,0,0,0,5,0,5,5,5,5,0,0,5,5
21049007,3,0,8,1,2,1,0,0,0,3,7,6,4,1,1,6,2,4,0,1,1,0,0,2,4,1,1,0,10,0,2,0,0,0,3,0,0,1,0,0,2,2,0,2,0,0,2,0,0,2,0
21049117,0,1,4,3,6,5,2,0,5,1,5,1,1,1,2,6,2,1,0,3,3,1,1,0,2,1,2,4,1,1,1,0,0,0,0,3,2,1,2,1,0,0,0,1,0,2,3,1,0,2,1
21049767,1,18,7,9,0,2,0,4,0,0,0,3,0,0,2,3,0,2,0,0,2,0,2,0,0,0,0,0,0,4,4,0,2,0,1,0,2,3,0,4,1,0,5,0,0,2,0,0,0,2,0
21069736,5,4,1,5,1,7,1,3,4,2,0,0,3,0,4,4,1,1,3,5,3,0,0,0,1,0,1,3,0,1,3,0,1,1,3,2,1,0,2,2,0,2,0,1,0,0,1,0,1,1,1
21107875,5,5,0,0,3,0,1,3,0,3,0,2,7,3,2,2,3,2,3,2,2,3,1,1,3,0,1,0,2,1,0,4,1,1,3,0,1,2,1,3,0,0,3,1,0,1,0,0,0,1,3
21312265,0,0,0,0,1,0,1,0,4,1,3,3,3,1,7,2,0,2,6,3,4,3,2,3,0,1,0,5,1,2,0,1,1,3,1,2,3,1,0,2,3,1,0,3,0,1,0,1,3,0,1
21019582,0,0,0,0,0,0,0,0,0,0,4,0,0,0,0,0,0,0,0,0,0,8,0,0,4,0,0,8,0,0,0,0,4,0,0,0,4,8,8,5,0,4,4,0,4,0,0,4,4,9,4
21137177,4,5,6,2,1,5,4,5,3,4,1,3,2,0,1,2,2,2,2,4,2,1,0,1,1,4,2,1,1,2,1,0,0,1,1,3,2,0,0,0,0,0,1,0,0,0,1,0,1,0,2
52467233,3,6,5,3,0,0,7,3,6,6,1,0,2,2,5,1,0,1,1,3,1,1,0,1,0,0,3,0,3,1,0,1,0,2,3,2,1,1,0,0,0,2,5,2,0,0,0,2,0,0,0
90062622,0,0,0,0,0,0,0,0,0,0,0,0,0,0,0,0,0,0,0,0,4,2,2,6,4,2,4,2,2,0,0,0,4,6,2,2,0,0,0,10,2,0,6,6,0,8,8,0,2,0,2
21052134,1,6,4,4,2,3,6,5,4,2,2,2,1,0,2,0,0,0,1,2,4,2,2,1,4,0,1,0,0,1,0,1,7,1,2,3,1,0,0,2,0,2,2,0,2,0,1,0,0,0,1
21057418,5,3,3,3,2,1,4,2,1,5,3,1,2,3,1,3,0,4,2,3,0,3,1,0,0,0,0,0,3,1,1,1,2,0,0,1,1,0,1,2,2,6,0,1,2,5,0,0,1,1,1
21058581,4,4,4,2,4,2,7,4,0,5,3,1,5,1,7,1,2,2,4,5,2,0,1,0,3,1,3,2,2,0,2,0,2,0,1,0,0,0,0,0,0,0,0,0,0,0,0,0,1,0,1
21059522,6,6,5,0,2,1,3,1,5,5,0,2,1,3,1,6,4,3,0,1,2,5,0,1,1,1,3,0,0,0,3,1,1,2,1,0,0,4,0,0,0,1,0,1,0,2,0,1,0,3,0
21017605,6,5,5,3,5,0,2,1,3,0,1,7,4,3,3,1,3,2,2,2,0,2,2,2,2,1,3,0,1,3,0,1,2,3,1,0,1,1,3,2,0,0,0,0,0,0,0,0,0,1,0
21055552,11,2,0,2,12,0,0,4,2,0,0,0,0,0,0,6,5,1,0,4,2,0,4,4,2,0,1,2,6,2,0,0,0,0,0,0,0,6,0,0,4,0,0,0,0,1,1,2,1,2,0
21311629,0,0,0,2,1,0,2,4,2,2,3,0,2,2,5,5,1,3,4,4,5,0,1,3,1,0,1,4,3,3,0,0,1,2,1,0,1,1,0,0,4,0,0,4,0,1,2,2,3,1,3
21311636,0,0,0,0,2,4,4,1,4,5,4,6,2,3,6,1,3,2,2,0,5,3,1,3,4,3,0,1,1,1,1,0,0,1,2,0,2,3,0,0,1,1,0,1,0,0,2,2,0,1,1
